#
# There is insufficient memory for the Java Runtime Environment to continue.
# Native memory allocation (mmap) failed to map 65536 bytes. Error detail: Failed to commit metaspace.
# Possible reasons:
#   The system is out of physical RAM or swap space
#   This process is running with CompressedOops enabled, and the Java Heap may be blocking the growth of the native heap
# Possible solutions:
#   Reduce memory load on the system
#   Increase physical memory or swap space
#   Check if swap backing store is full
#   Decrease Java heap size (-Xmx/-Xms)
#   Decrease number of Java threads
#   Decrease Java thread stack sizes (-Xss)
#   Set larger code cache with -XX:ReservedCodeCacheSize=
#   JVM is running with Zero Based Compressed Oops mode in which the Java heap is
#     placed in the first 32GB address space. The Java Heap base address is the
#     maximum limit for the native heap growth. Please use -XX:HeapBaseMinAddress
#     to set the Java Heap base and to place the Java Heap above 32GB virtual address.
# This output file may be truncated or incomplete.
#
#  Out of Memory Error (virtualSpaceNode.cpp:113), pid=20244, tid=30932
#
# JRE version: Java(TM) SE Runtime Environment (25.0.1+8) (build 25.0.1+8-LTS-27)
# Java VM: Java HotSpot(TM) 64-Bit Server VM (25.0.1+8-LTS-27, mixed mode, sharing, tiered, compressed oops, compressed class ptrs, g1 gc, windows-amd64)
# No core dump will be written. Minidumps are not enabled by default on client versions of Windows
#

---------------  S U M M A R Y ------------

Command Line: --enable-native-access=ALL-UNNAMED -Dclassworlds.conf=C:\Users\panja\.m2\wrapper\dists\apache-maven-3.9.16\0daed3be3ebd1c706f0e69e8b07c6b73f5cc4ea3dfce72a8d0ec2e849ca2ddb0\bin\m2.conf -Dmaven.home=C:\Users\panja\.m2\wrapper\dists\apache-maven-3.9.16\0daed3be3ebd1c706f0e69e8b07c6b73f5cc4ea3dfce72a8d0ec2e849ca2ddb0 -Dlibrary.jansi.path=C:\Users\panja\.m2\wrapper\dists\apache-maven-3.9.16\0daed3be3ebd1c706f0e69e8b07c6b73f5cc4ea3dfce72a8d0ec2e849ca2ddb0\lib\jansi-native -Dmaven.multiModuleProjectDirectory=C:\Users\panja\OneDrive\Desktop\Procurement-System\backend org.codehaus.plexus.classworlds.launcher.Launcher spring-boot:run

Host: 13th Gen Intel(R) Core(TM) i5-13420H, 12 cores, 15G,  Windows 11 , 64 bit Build 26100 (10.0.26100.9168)
Time: Tue Aug 18 00:07:20 2026 India Standard Time elapsed time: 12.655594 seconds (0d 0h 0m 12s)

---------------  T H R E A D  ---------------

Current thread (0x000001e9f0111010):  JavaThread "main"             [_thread_in_vm, id=30932, stack(0x0000003266300000,0x0000003266400000) (1024K)]

Stack: [0x0000003266300000,0x0000003266400000]
Native frames: (J=compiled Java code, j=interpreted, Vv=VM code, C=native code)
V  [jvm.dll+0x7a6b59]  (no source info available)
V  [jvm.dll+0x77290d]  (no source info available)
V  [jvm.dll+0x966153]  (no source info available)
V  [jvm.dll+0x968751]  (no source info available)
V  [jvm.dll+0x968e53]  (no source info available)
V  [jvm.dll+0x2fc756]  (no source info available)
V  [jvm.dll+0x96301e]  (no source info available)
V  [jvm.dll+0x73db64]  (no source info available)
V  [jvm.dll+0x258f08]  (no source info available)
V  [jvm.dll+0x258cce]  (no source info available)
V  [jvm.dll+0x74063d]  (no source info available)
V  [jvm.dll+0x740245]  (no source info available)
V  [jvm.dll+0x29b372]  (no source info available)
V  [jvm.dll+0x73e588]  (no source info available)
V  [jvm.dll+0x2e1580]  (no source info available)
V  [jvm.dll+0x74a715]  (no source info available)
V  [jvm.dll+0x289f82]  (no source info available)
V  [jvm.dll+0x28a445]  (no source info available)
V  [jvm.dll+0x28ae1d]  (no source info available)
V  [jvm.dll+0x280856]  (no source info available)
V  [jvm.dll+0x668991]  (no source info available)
V  [jvm.dll+0x8d5696]  (no source info available)
V  [jvm.dll+0x519692]  (no source info available)
V  [jvm.dll+0x51f108]  (no source info available)
C  [java.dll+0x17f2]  (no source info available)
C  0x000001e987aefa7a  (no source info available)

The last pc belongs to native nmethod (printed below).
Java frames: (J=compiled Java code, j=interpreted, Vv=VM code)
J 661  java.lang.ClassLoader.defineClass1(Ljava/lang/ClassLoader;Ljava/lang/String;[BIILjava/security/ProtectionDomain;Ljava/lang/String;)Ljava/lang/Class; java.base@25.0.1 (0 bytes) @ 0x000001e987aefa41 [0x000001e987aef980+0x00000000000000c1]
J 989 c1 java.lang.ClassLoader.defineClass(Ljava/lang/String;[BIILjava/security/ProtectionDomain;)Ljava/lang/Class; java.base@25.0.1 (43 bytes) @ 0x000001e98016f1b4 [0x000001e98016ec00+0x00000000000005b4]
J 988 c1 java.security.SecureClassLoader.defineClass(Ljava/lang/String;[BIILjava/security/CodeSource;)Ljava/lang/Class; java.base@25.0.1 (16 bytes) @ 0x000001e98016e9d4 [0x000001e98016e880+0x0000000000000154]
J 1013 c1 java.net.URLClassLoader.defineClass(Ljava/lang/String;Ljdk/internal/loader/Resource;)Ljava/lang/Class; java.base@25.0.1 (224 bytes) @ 0x000001e980179a9c [0x000001e980177f00+0x0000000000001b9c]
J 1012 c1 java.net.URLClassLoader.findClass(Ljava/lang/String;)Ljava/lang/Class; java.base@25.0.1 (77 bytes) @ 0x000001e98017717c [0x000001e980176200+0x0000000000000f7c]
J 1009 c1 org.codehaus.plexus.classworlds.realm.ClassRealm.loadClassFromSelf(Ljava/lang/String;)Ljava/lang/Class; (40 bytes) @ 0x000001e980174c8c [0x000001e980174880+0x000000000000040c]
J 1042 c1 org.codehaus.plexus.classworlds.strategy.SelfFirstStrategy.loadClass(Ljava/lang/String;)Ljava/lang/Class; (50 bytes) @ 0x000001e9801841c4 [0x000001e980183e00+0x00000000000003c4]
J 723 c1 org.codehaus.plexus.classworlds.realm.ClassRealm.loadClass(Ljava/lang/String;)Ljava/lang/Class; (7 bytes) @ 0x000001e9800f6dbc [0x000001e9800f6b80+0x000000000000023c]
v  ~StubRoutines::call_stub 0x000001e9875312ed
J 2080  java.lang.Class.getDeclaredFields0(Z)[Ljava/lang/reflect/Field; java.base@25.0.1 (0 bytes) @ 0x000001e987b6e043 [0x000001e987b6e000+0x0000000000000043]
J 1967 c1 java.lang.Class.privateGetDeclaredFields(Z)[Ljava/lang/reflect/Field; java.base@25.0.1 (56 bytes) @ 0x000001e9802ef5c4 [0x000001e9802ef480+0x0000000000000144]
J 2024 c1 com.google.inject.internal.DeclaredMembers.getDeclaredFields(Ljava/lang/Class;)[Ljava/lang/reflect/Field; (52 bytes) @ 0x000001e9802fe024 [0x000001e9802fdf00+0x0000000000000124]
J 1966 c1 com.google.inject.spi.InjectionPoint.getInjectionPoints(Lcom/google/inject/TypeLiteral;ZLcom/google/inject/internal/Errors;)Ljava/util/Set; (489 bytes) @ 0x000001e9802eb65c [0x000001e9802eb080+0x00000000000005dc]
J 2050 c1 com.google.inject.spi.InjectionPoint.forInstanceMethodsAndFields(Lcom/google/inject/TypeLiteral;)Ljava/util/Set; (40 bytes) @ 0x000001e980306244 [0x000001e980306080+0x00000000000001c4]
J 2172 c1 org.eclipse.sisu.wire.DependencyAnalyzer.analyzeImplementation(Lcom/google/inject/TypeLiteral;Z)Ljava/lang/Boolean; (110 bytes) @ 0x000001e98032b8c4 [0x000001e98032ac00+0x0000000000000cc4]
j  org.eclipse.sisu.wire.DependencyAnalyzer.visit(Lcom/google/inject/spi/ProviderInstanceBinding;)Ljava/lang/Boolean;+33
j  org.eclipse.sisu.wire.DependencyAnalyzer.visit(Lcom/google/inject/spi/ProviderInstanceBinding;)Ljava/lang/Object;+2
J 3401 c1 com.google.inject.internal.ProviderInstanceBindingImpl.acceptTargetVisitor(Lcom/google/inject/spi/BindingTargetVisitor;)Ljava/lang/Object; (33 bytes) @ 0x000001e98054635c [0x000001e980545f80+0x00000000000003dc]
J 2164 c1 org.eclipse.sisu.wire.ElementAnalyzer.visit(Lcom/google/inject/Binding;)Ljava/lang/Void; (142 bytes) @ 0x000001e9803288bc [0x000001e980328380+0x000000000000053c]
J 2163 c1 org.eclipse.sisu.wire.ElementAnalyzer.visit(Lcom/google/inject/Binding;)Ljava/lang/Object; (6 bytes) @ 0x000001e98032817c [0x000001e980328080+0x00000000000000fc]
J 5580 c2 com.google.inject.internal.BindingImpl.acceptVisitor(Lcom/google/inject/spi/ElementVisitor;)Ljava/lang/Object; (8 bytes) @ 0x000001e987cbc4c4 [0x000001e987cbc480+0x0000000000000044]
j  org.eclipse.sisu.wire.WireModule.configure(Lcom/google/inject/Binder;)V+45
j  com.google.inject.spi.Elements$RecordingBinder.install(Lcom/google/inject/Module;)V+209
j  com.google.inject.spi.Elements.getElements(Lcom/google/inject/Stage;Ljava/lang/Iterable;)Ljava/util/List;+40
j  com.google.inject.internal.InjectorShell$Builder.build(Lcom/google/inject/internal/Initializer;Lcom/google/inject/internal/ProcessedBindingData;Lcom/google/inject/internal/util/ContinuousStopwatch;Lcom/google/inject/internal/Errors;)Ljava/util/List;+163
j  com.google.inject.internal.InternalInjectorCreator.build()Lcom/google/inject/Injector;+48
j  com.google.inject.Guice.createInjector(Lcom/google/inject/Stage;Ljava/lang/Iterable;)Lcom/google/inject/Injector;+15
j  com.google.inject.Guice.createInjector(Ljava/lang/Iterable;)Lcom/google/inject/Injector;+4
j  com.google.inject.Guice.createInjector([Lcom/google/inject/Module;)Lcom/google/inject/Injector;+4
j  org.codehaus.plexus.DefaultPlexusContainer.addPlexusInjector(Ljava/util/List;[Lcom/google/inject/Module;)Lcom/google/inject/Injector;+88
j  org.codehaus.plexus.DefaultPlexusContainer.discoverComponents(Lorg/codehaus/plexus/classworlds/realm/ClassRealm;[Lcom/google/inject/Module;)Ljava/util/List;+183
j  org.apache.maven.plugin.internal.DefaultMavenPluginManager.discoverPluginComponents(Lorg/codehaus/plexus/classworlds/realm/ClassRealm;Lorg/apache/maven/model/Plugin;Lorg/apache/maven/plugin/descriptor/PluginDescriptor;)V+97
j  org.apache.maven.plugin.internal.DefaultMavenPluginManager.createPluginRealm(Lorg/apache/maven/plugin/descriptor/PluginDescriptor;Lorg/apache/maven/execution/MavenSession;Ljava/lang/ClassLoader;Ljava/util/Map;Lorg/eclipse/aether/graph/DependencyFilter;)V+143
j  org.apache.maven.plugin.internal.DefaultMavenPluginManager.lambda$setupPluginRealm$0(Lorg/apache/maven/plugin/descriptor/PluginDescriptor;Lorg/apache/maven/execution/MavenSession;Ljava/lang/ClassLoader;Ljava/util/Map;Lorg/eclipse/aether/graph/DependencyFilter;)Lorg/apache/maven/plugin/PluginRealmCache$CacheRecord;+8
j  org.apache.maven.plugin.internal.DefaultMavenPluginManager$$Lambda+0x0000000013187708.load()Lorg/apache/maven/plugin/PluginRealmCache$CacheRecord;+24
j  org.apache.maven.plugin.DefaultPluginRealmCache.lambda$get$0(Lorg/apache/maven/plugin/PluginRealmCache$PluginRealmSupplier;Lorg/apache/maven/plugin/PluginRealmCache$Key;)Lorg/apache/maven/plugin/PluginRealmCache$CacheRecord;+1
j  org.apache.maven.plugin.DefaultPluginRealmCache$$Lambda+0x0000000013187938.apply(Ljava/lang/Object;)Ljava/lang/Object;+8
J 740 c1 java.util.concurrent.ConcurrentHashMap.computeIfAbsent(Ljava/lang/Object;Ljava/util/function/Function;)Ljava/lang/Object; java.base@25.0.1 (576 bytes) @ 0x000001e9800fcddc [0x000001e9800fc800+0x00000000000005dc]
j  org.apache.maven.plugin.DefaultPluginRealmCache.get(Lorg/apache/maven/plugin/PluginRealmCache$Key;Lorg/apache/maven/plugin/PluginRealmCache$PluginRealmSupplier;)Lorg/apache/maven/plugin/PluginRealmCache$CacheRecord;+11
j  org.apache.maven.plugin.internal.DefaultMavenPluginManager.setupPluginRealm(Lorg/apache/maven/plugin/descriptor/PluginDescriptor;Lorg/apache/maven/execution/MavenSession;Ljava/lang/ClassLoader;Ljava/util/List;Lorg/eclipse/aether/graph/DependencyFilter;)V+182
j  org.apache.maven.plugin.DefaultBuildPluginManager.getPluginRealm(Lorg/apache/maven/execution/MavenSession;Lorg/apache/maven/plugin/descriptor/PluginDescriptor;)Lorg/codehaus/plexus/classworlds/realm/ClassRealm;+20
j  org.apache.maven.plugin.DefaultBuildPluginManager.executeMojo(Lorg/apache/maven/execution/MavenSession;Lorg/apache/maven/plugin/MojoExecution;)V+21
j  org.apache.maven.lifecycle.internal.MojoExecutor.doExecute2(Lorg/apache/maven/execution/MavenSession;Lorg/apache/maven/plugin/MojoExecution;)V+20
j  org.apache.maven.lifecycle.internal.MojoExecutor.doExecute(Lorg/apache/maven/execution/MavenSession;Lorg/apache/maven/plugin/MojoExecution;Lorg/apache/maven/lifecycle/internal/ProjectIndex;Lorg/apache/maven/lifecycle/internal/DependencyContext;)V+40
j  org.apache.maven.lifecycle.internal.MojoExecutor.execute(Lorg/apache/maven/execution/MavenSession;Lorg/apache/maven/plugin/MojoExecution;Lorg/apache/maven/lifecycle/internal/ProjectIndex;Lorg/apache/maven/lifecycle/internal/DependencyContext;)V+183
j  org.apache.maven.lifecycle.internal.MojoExecutor.execute(Lorg/apache/maven/execution/MavenSession;Lorg/apache/maven/plugin/MojoExecution;Lorg/apache/maven/lifecycle/internal/ProjectIndex;Lorg/apache/maven/lifecycle/internal/DependencyContext;Lorg/apache/maven/lifecycle/internal/PhaseRecorder;)V+6
j  org.apache.maven.lifecycle.internal.MojoExecutor.access$000(Lorg/apache/maven/lifecycle/internal/MojoExecutor;Lorg/apache/maven/execution/MavenSession;Lorg/apache/maven/plugin/MojoExecution;Lorg/apache/maven/lifecycle/internal/ProjectIndex;Lorg/apache/maven/lifecycle/internal/DependencyContext;Lorg/apache/maven/lifecycle/internal/PhaseRecorder;)V+8
j  org.apache.maven.lifecycle.internal.MojoExecutor$1.run(Lorg/apache/maven/plugin/MojoExecution;)V+21
j  org.apache.maven.plugin.DefaultMojosExecutionStrategy.execute(Ljava/util/List;Lorg/apache/maven/execution/MavenSession;Lorg/apache/maven/plugin/MojoExecutionRunner;)V+33
j  org.apache.maven.lifecycle.internal.MojoExecutor.execute(Lorg/apache/maven/execution/MavenSession;Ljava/util/List;Lorg/apache/maven/lifecycle/internal/ProjectIndex;)V+72
j  org.apache.maven.lifecycle.internal.LifecycleModuleBuilder.buildProject(Lorg/apache/maven/execution/MavenSession;Lorg/apache/maven/execution/MavenSession;Lorg/apache/maven/lifecycle/internal/ReactorContext;Lorg/apache/maven/project/MavenProject;Lorg/apache/maven/lifecycle/internal/TaskSegment;)V+151
j  org.apache.maven.lifecycle.internal.LifecycleModuleBuilder.buildProject(Lorg/apache/maven/execution/MavenSession;Lorg/apache/maven/lifecycle/internal/ReactorContext;Lorg/apache/maven/project/MavenProject;Lorg/apache/maven/lifecycle/internal/TaskSegment;)V+7
j  org.apache.maven.lifecycle.internal.builder.singlethreaded.SingleThreadedBuilder.build(Lorg/apache/maven/execution/MavenSession;Lorg/apache/maven/lifecycle/internal/ReactorContext;Lorg/apache/maven/lifecycle/internal/ProjectBuildList;Ljava/util/List;Lorg/apache/maven/lifecycle/internal/ReactorBuildStatus;)V+77
j  org.apache.maven.lifecycle.internal.LifecycleStarter.execute(Lorg/apache/maven/execution/MavenSession;)V+343
j  org.apache.maven.DefaultMaven.doExecute(Lorg/apache/maven/execution/MavenExecutionRequest;Lorg/apache/maven/execution/MavenSession;Lorg/apache/maven/execution/MavenExecutionResult;Lorg/eclipse/aether/DefaultRepositorySystemSession;)Lorg/apache/maven/execution/MavenExecutionResult;+418
j  org.apache.maven.DefaultMaven.doExecute(Lorg/apache/maven/execution/MavenExecutionRequest;)Lorg/apache/maven/execution/MavenExecutionResult;+98
j  org.apache.maven.DefaultMaven.execute(Lorg/apache/maven/execution/MavenExecutionRequest;)Lorg/apache/maven/execution/MavenExecutionResult;+2
j  org.apache.maven.cli.MavenCli.execute(Lorg/apache/maven/cli/CliRequest;)I+41
j  org.apache.maven.cli.MavenCli.doMain(Lorg/apache/maven/cli/CliRequest;)I+70
j  org.apache.maven.cli.MavenCli.main([Ljava/lang/String;Lorg/codehaus/plexus/classworlds/ClassWorld;)I+24
j  java.lang.invoke.DirectMethodHandle$Holder.invokeStatic(Ljava/lang/Object;Ljava/lang/Object;Ljava/lang/Object;)I+11 java.base@25.0.1
j  java.lang.invoke.LambdaForm$MH+0x0000000013046000.invoke(Ljava/lang/Object;Ljava/lang/Object;Ljava/lang/Object;Ljava/lang/Object;)Ljava/lang/Object;+54 java.base@25.0.1
j  java.lang.invoke.LambdaForm$MH+0x0000000013046400.invokeExact_MT(Ljava/lang/Object;Ljava/lang/Object;Ljava/lang/Object;Ljava/lang/Object;Ljava/lang/Object;)Ljava/lang/Object;+22 java.base@25.0.1
j  jdk.internal.reflect.DirectMethodHandleAccessor.invokeImpl(Ljava/lang/Object;[Ljava/lang/Object;)Ljava/lang/Object;+72 java.base@25.0.1
j  jdk.internal.reflect.DirectMethodHandleAccessor.invoke(Ljava/lang/Object;[Ljava/lang/Object;)Ljava/lang/Object;+23 java.base@25.0.1
j  java.lang.reflect.Method.invoke(Ljava/lang/Object;[Ljava/lang/Object;)Ljava/lang/Object;+102 java.base@25.0.1
j  org.codehaus.plexus.classworlds.launcher.Launcher.launchEnhanced([Ljava/lang/String;)V+45
j  org.codehaus.plexus.classworlds.launcher.Launcher.launch([Ljava/lang/String;)V+2
j  org.codehaus.plexus.classworlds.launcher.Launcher.mainWithExitCode([Ljava/lang/String;)I+108
j  org.codehaus.plexus.classworlds.launcher.Launcher.main([Ljava/lang/String;)V+1
v  ~StubRoutines::call_stub 0x000001e9875312ed
Lock stack of current Java thread (top to bottom):
LockStack[1]: java.lang.Object 
{0x000000070ff81c10} - klass: 'java/lang/Object' - flags: 

 - ---- fields (total size 2 words):
LockStack[0]: [I 
{0x00000007107891c8} - klass: {type array int} - flags: is_cloneable_fast 

 - length: 0


Compiled method (n/a) 13394  661     n 0       java.lang.ClassLoader::defineClass1 (native)
 total in heap  [0x000001e987aef888,0x000001e987aefca8] = 1056
 main code      [0x000001e987aef980,0x000001e987aefca8] = 808
 mutable data [0x000001e991b87390,0x000001e991b873b0] = 32
 relocation     [0x000001e991b87390,0x000001e991b873b0] = 32

[Constant Pool (empty)]

[MachCode]
[Entry Point]
  # {method} {0x00000000124a3f90} 'defineClass1' '(Ljava/lang/ClassLoader;Ljava/lang/String;[BIILjava/security/ProtectionDomain;Ljava/lang/String;)Ljava/lang/Class;' in 'java/lang/ClassLoader'
  # parm0:    rdx:rdx   = 'java/lang/ClassLoader'
  # parm1:    r8:r8     = 'java/lang/String'
  # parm2:    r9:r9     = '[B'
  # parm3:    rdi       = int
  # parm4:    rsi       = int
  # parm5:    rcx:rcx   = 'java/security/ProtectionDomain'
  # parm6:    [sp+0xa0]   = 'java/lang/String'  (sp of caller)
  0x000001e987aef980: 6690 448b | 5208 443b 

  0x000001e987aef988: ;   {runtime_call Shared Runtime ic_miss_blob}
  0x000001e987aef988: 5008 0f85 | 50f1 a8ff 
[Verified Entry Point]
  0x000001e987aef990: 8984 2400 | 80ff ff55 | 488b ec48 | 81ec 9000 | 0000 6690 | 4181 7f20 | 0100 0000 

  0x000001e987aef9ac: ;   {runtime_call Stub::method_entry_barrier}
  0x000001e987aef9ac: 7405 e88d | 48a7 ff48 | 837d 1000 | 488d 4510 | 480f 4445 | 1048 8944 | 2440 4889 | 4c24 7048 
  0x000001e987aef9cc: 83f9 0048 | 8d44 2470 | 480f 4444 | 2470 4889 | 4424 3848 | 8974 2430 | 4889 7c24 | 284c 894c 
  0x000001e987aef9ec: 2458 4983 | f900 488d | 4424 5848 | 0f44 4424 | 5848 8944 | 2420 4c89 | 4424 5049 | 83f8 004c 
  0x000001e987aefa0c: 8d4c 2450 | 4c0f 444c | 2450 4889 | 5424 4848 | 83fa 004c | 8d44 2448 | 4c0f 4444 

  0x000001e987aefa28: ;   {oop(a 'java/lang/Class'{0x00000007ffe804b0} = 'java/lang/ClassLoader')}
  0x000001e987aefa28: 2448 49be | b004 e8ff | 0700 0000 | 4c89 7424 | 784c 8d74 | 2478 498b | d6c5 f877 

  0x000001e987aefa44: ;   {internal_word}
  0x000001e987aefa44: 49ba 41fa | ae87 e901 | 0000 4d89 | 9730 0400 | 0049 89a7 | 2804 0000 | 498d 8f48 | 0400 0041 
  0x000001e987aefa64: c787 d404 | 0000 0400 

  0x000001e987aefa6c: ;   {runtime_call}
  0x000001e987aefa6c: 0000 48b8 | a816 e7ad | fd7f 0000 | ffd0 c5f8 | 7741 c787 | d404 0000 | 0500 0000 | f083 4424 
  0x000001e987aefa8c: c000 493b | 6f28 0f87 | 0e00 0000 | 4183 bfd0 | 0400 0000 | 0f84 2b00 | 0000 c5f8 | 7748 8945 
  0x000001e987aefaac: f849 8bcf | 4c8b e448 | 83ec 2048 

  0x000001e987aefab8: ;   {runtime_call}
  0x000001e987aefab8: 83e4 f048 | b8a0 acb9 | 29fd 7f00 | 00ff d049 | 8be4 4d33 | e448 8b45 | f841 c787 | d404 0000 
  0x000001e987aefad8: 0800 0000 | 4183 bf50 | 0500 0002 | 0f84 9101 | 0000 49c7 | 8728 0400 | 0000 0000 | 0049 c787 
  0x000001e987aefaf8: 3004 0000 | 0000 0000 | c5f8 7748 | 85c0 0f84 | 2f01 0000 | a803 0f85 | 0800 0000 | 488b 00e9 
  0x000001e987aefb18: 1f01 0000 | a801 0f85 | 0900 0000 | 488b 40fe | e90e 0100 | 0048 8b40 | ff41 807f | 4800 0f84 
  0x000001e987aefb38: ff00 0000 | 4883 f800 | 0f84 f500 | 0000 498b | 4f38 4885 | c90f 8414 | 0000 0048 | 83e9 0849 
  0x000001e987aefb58: 894f 3849 | 034f 4048 | 8901 e9d4 | 0000 0048 | 83ec 7048 | 8904 2448 | 894c 2408 | 4889 5424 
  0x000001e987aefb78: 104c 8944 | 2418 4c89 | 4c24 204c | 8954 2428 | 4c89 5c24 | 30c5 fb11 | 4424 40c5 | fb11 4c24 
  0x000001e987aefb98: 48c5 fb11 | 5424 50c5 | fb11 5c24 | 58c5 fb11 | 6424 60c5 | fb11 6c24 | 6849 8bd7 | 488b c848 
  0x000001e987aefbb8: ;   {other}
  0x000001e987aefbb8: 83ec 2040 | f6c4 0f0f | 8419 0000 | 0048 83ec 

  0x000001e987aefbc8: ;   {runtime_call}
  0x000001e987aefbc8: 0848 b820 | 76ac 29fd | 7f00 00ff | d048 83c4 | 08e9 0c00 

  0x000001e987aefbdc: ;   {runtime_call}
  0x000001e987aefbdc: 0000 48b8 | 2076 ac29 | fd7f 0000 | ffd0 4883 | c420 c5fb | 106c 2468 | c5fb 1064 | 2460 c5fb 
  0x000001e987aefbfc: 105c 2458 | c5fb 1054 | 2450 c5fb | 104c 2448 | c5fb 1044 | 2440 4c8b | 5c24 304c | 8b54 2428 
  0x000001e987aefc1c: 4c8b 4c24 | 204c 8b44 | 2418 488b | 5424 1048 | 8b4c 2408 | 488b 0424 | 4883 c470 | c5f8 7749 
  0x000001e987aefc3c: 8b8f b804 | 0000 c781 | 0001 0000 | 0000 0000 

  0x000001e987aefc4c: ;   {poll_return}
  0x000001e987aefc4c: c941 f647 | 2801 7416 

  0x000001e987aefc54: ;   {internal_word}
  0x000001e987aefc54: 49ba 4dfc | ae87 e901 | 0000 4d89 | 97e0 0400 

  0x000001e987aefc64: ;   {runtime_call SafepointBlob}
  0x000001e987aefc64: 00e9 f612 | a9ff 4983 | 7f08 000f | 8501 0000 

  0x000001e987aefc74: ;   {runtime_call Stub::forward_exception}
  0x000001e987aefc74: 00c3 e965 | 15a4 ffc5 | f877 4889 | 45f8 4c8b | e448 83ec | 2048 83e4 

  0x000001e987aefc8c: ;   {runtime_call}
  0x000001e987aefc8c: f048 b810 | f7f2 29fd | 7f00 00ff | d049 8be4 | 4d33 e448 | 8b45 f8e9 | 42fe ffff 
[/MachCode]


Compiled method (c1) 13450  989       3       java.lang.ClassLoader::defineClass (43 bytes)
 total in heap  [0x000001e98016eb08,0x000001e98016f368] = 2144
 main code      [0x000001e98016ec00,0x000001e98016f2f0] = 1776
 stub code      [0x000001e98016f2f0,0x000001e98016f368] = 120
 mutable data [0x000001e996637d10,0x000001e996637de8] = 216
 relocation     [0x000001e996637d10,0x000001e996637da8] = 152
 metadata       [0x000001e996637da8,0x000001e996637de8] = 64
 immutable data [0x000001e996878320,0x000001e996878530] = 528
 dependencies   [0x000001e996878320,0x000001e996878338] = 24
 nul chk table  [0x000001e996878338,0x000001e996878360] = 40
 scopes pcs     [0x000001e996878360,0x000001e996878440] = 224
 scopes data    [0x000001e996878440,0x000001e996878530] = 240

[Constant Pool (empty)]

[MachCode]
[Instructions begin]
  0x000001e98016ec00: 6666 660f | 1f84 0000 | 0000 0066 | 6666 9066 | 6690 448b | 5208 443b 

  0x000001e98016ec18: ;   {runtime_call Shared Runtime ic_miss_blob}
  0x000001e98016ec18: 5008 0f85 | c0fe 4007 
[Verified Entry Point]
  0x000001e98016ec20: 8984 2400 | 80ff ff55 | 4881 ecb0 | 0000 0090 | 4181 7f20 | 0100 0000 

  0x000001e98016ec38: ;   {runtime_call Stub::method_entry_barrier}
  0x000001e98016ec38: 7405 e801 | 563f 0748 | 8954 2478 

  0x000001e98016ec44: ;   {metadata(method data for {method} {0x00000000124a42b8} 'defineClass' '(Ljava/lang/String;[BIILjava/security/ProtectionDomain;)Ljava/lang/Class;' in 'java/lang/ClassLoader')}
  0x000001e98016ec44: 48bb 886d | 1692 e901 | 0000 8b83 | 9000 0000 | 83c0 0289 | 8390 0000 | 0025 fe07 | 0000 85c0 
  0x000001e98016ec64: 0f84 ad05 | 0000 89b4 | 2494 0000 | 0089 bc24 | 9000 0000 | 4c89 8c24 | 8800 0000 

  0x000001e98016ec80: ;   {metadata(method data for {method} {0x00000000124a42b8} 'defineClass' '(Ljava/lang/String;[BIILjava/security/ProtectionDomain;)Ljava/lang/Class;' in 'java/lang/ClassLoader')}
  0x000001e98016ec80: 488b da48 | b888 6d16 | 92e9 0100 | 0048 8380 | d800 0000 | 0149 8bd8 | 4c8b c34c | 8bc9 488b 
  0x000001e98016eca0: ca48 8bd1 | 4889 9c24 | 8000 0000 

  0x000001e98016ecac: ;   {optimized virtual_call}
  0x000001e98016ecac: 6666 90e8 

  0x000001e98016ecb0: ; ImmutableOopMap {[120]=Oop [128]=Oop [136]=Oop }
                      ;*invokevirtual preDefineClass {reexecute=0 rethrow=0 return_oop=0}
                      ; - java.lang.ClassLoader::defineClass@4 (line 960)
  0x000001e98016ecb0: 6c85 ffff 

  0x000001e98016ecb4: ;   {post_call_nop}
  0x000001e98016ecb4: 0f1f 8400 | ac01 0000 | 4889 8424 | 9800 0000 | 488b 5424 

  0x000001e98016ecc8: ;   {metadata(method data for {method} {0x00000000124a42b8} 'defineClass' '(Ljava/lang/String;[BIILjava/security/ProtectionDomain;)Ljava/lang/Class;' in 'java/lang/ClassLoader')}
  0x000001e98016ecc8: 7849 b888 | 6d16 92e9 | 0100 0049 | 8380 0801 

  0x000001e98016ecd8: ;   {metadata(method data for {method} {0x00000000124a3ff8} 'defineClassSourceLocation' '(Ljava/security/ProtectionDomain;)Ljava/lang/String;' in 'java/lang/ClassLoader')}
  0x000001e98016ecd8: 0000 0149 | b8b8 5616 | 92e9 0100 | 0041 8b90 | 9000 0000 | 83c2 0241 | 8990 9000 | 0000 81e2 
  0x000001e98016ecf8: feff 1f00 | 85d2 0f84 | 3405 0000 

  0x000001e98016ed04: ; implicit exception: dispatches to 0x000001e98016f259
  0x000001e98016ed04: 483b 004c 

  0x000001e98016ed08: ;   {metadata(method data for {method} {0x00000000124a3ff8} 'defineClassSourceLocation' '(Ljava/security/ProtectionDomain;)Ljava/lang/String;' in 'java/lang/ClassLoader')}
  0x000001e98016ed08: 8bc0 48ba | b856 1692 | e901 0000 | 458b 4008 | 41ba 0000 | 0012 4d03 | c24c 3b82 | e000 0000 
  0x000001e98016ed28: 750d 4883 | 82e8 0000 | 0001 e960 | 0000 004c | 3b82 f000 | 0000 750d | 4883 82f8 | 0000 0001 
  0x000001e98016ed48: e94a 0000 | 0048 83ba | e000 0000 | 0075 174c | 8982 e000 | 0000 48c7 | 82e8 0000 | 0001 0000 
  0x000001e98016ed68: 00e9 2900 | 0000 4883 | baf0 0000 | 0000 7517 | 4c89 82f0 | 0000 0048 | c782 f800 | 0000 0100 
  0x000001e98016ed88: 0000 e908 | 0000 0048 | 8382 d800 | 0000 0144 | 8b40 1049 | c1e0 034d 

  0x000001e98016eda0: ;   {metadata(method data for {method} {0x00000000124a3ff8} 'defineClassSourceLocation' '(Ljava/security/ProtectionDomain;)Ljava/lang/String;' in 'java/lang/ClassLoader')}
  0x000001e98016eda0: 85c0 48ba | b856 1692 | e901 0000 | be18 0100 | 0075 05be | 0801 0000 | 488b 3c32 | 488d 7f01 
  0x000001e98016edc0: 4889 3c32 | 0f85 0f00 

  0x000001e98016edc8: ;   {oop(nullptr)}
  0x000001e98016edc8: 0000 48bb | 0000 0000 | 0000 0000 | e986 0300 | 0049 3b00 

  0x000001e98016eddc: ;   {metadata(method data for {method} {0x00000000124a3ff8} 'defineClassSourceLocation' '(Ljava/security/ProtectionDomain;)Ljava/lang/String;' in 'java/lang/ClassLoader')}
  0x000001e98016eddc: 498b d048 | beb8 5616 | 92e9 0100 | 008b 5208 | 41ba 0000 | 0012 4903 | d248 3b96 | 3001 0000 
  0x000001e98016edfc: 750d 4883 | 8638 0100 | 0001 e960 | 0000 0048 | 3b96 4001 | 0000 750d | 4883 8648 | 0100 0001 
  0x000001e98016ee1c: e94a 0000 | 0048 83be | 3001 0000 | 0075 1748 | 8996 3001 | 0000 48c7 | 8638 0100 | 0001 0000 
  0x000001e98016ee3c: 00e9 2900 | 0000 4883 | be40 0100 | 0000 7517 | 4889 9640 | 0100 0048 | c786 4801 | 0000 0100 
  0x000001e98016ee5c: 0000 e908 | 0000 0048 | 8386 2801 | 0000 0141 | 8b50 0c48 | c1e2 0348 

  0x000001e98016ee74: ;   {metadata(method data for {method} {0x00000000124a3ff8} 'defineClassSourceLocation' '(Ljava/security/ProtectionDomain;)Ljava/lang/String;' in 'java/lang/ClassLoader')}
  0x000001e98016ee74: 85d2 48be | b856 1692 | e901 0000 | bf68 0100 | 0075 05bf | 5801 0000 | 488b 1c3e | 488d 5b01 
  0x000001e98016ee94: 4889 1c3e | 0f85 0f00 

  0x000001e98016ee9c: ;   {oop(nullptr)}
  0x000001e98016ee9c: 0000 48bb | 0000 0000 | 0000 0000 | e9b2 0200 

  0x000001e98016eeac: ;   {metadata(method data for {method} {0x00000000124a3ff8} 'defineClassSourceLocation' '(Ljava/security/ProtectionDomain;)Ljava/lang/String;' in 'java/lang/ClassLoader')}
  0x000001e98016eeac: 0048 beb8 | 5616 92e9 | 0100 0045 | 8b40 0841 | ba00 0000 | 124d 03c2 | 4c3b 8680 | 0100 0075 
  0x000001e98016eecc: 0d48 8386 | 8801 0000 | 01e9 6000 | 0000 4c3b | 8690 0100 | 0075 0d48 | 8386 9801 | 0000 01e9 
  0x000001e98016eeec: 4a00 0000 | 4883 be80 | 0100 0000 | 7517 4c89 | 8680 0100 | 0048 c786 | 8801 0000 | 0100 0000 
  0x000001e98016ef0c: e929 0000 | 0048 83be | 9001 0000 | 0075 174c | 8986 9001 | 0000 48c7 | 8698 0100 | 0001 0000 
  0x000001e98016ef2c: 00e9 0800 | 0000 4883 | 8678 0100 | 0001 483b | 024c 8bc2 

  0x000001e98016ef40: ;   {metadata(method data for {method} {0x00000000124a3ff8} 'defineClassSourceLocation' '(Ljava/security/ProtectionDomain;)Ljava/lang/String;' in 'java/lang/ClassLoader')}
  0x000001e98016ef40: 48be b856 | 1692 e901 | 0000 458b | 4008 41ba | 0000 0012 | 4d03 c24c | 3b86 b001 | 0000 750d 
  0x000001e98016ef60: 4883 86b8 | 0100 0001 | e960 0000 | 004c 3b86 | c001 0000 | 750d 4883 | 86c8 0100 | 0001 e94a 
  0x000001e98016ef80: 0000 0048 | 83be b001 | 0000 0075 | 174c 8986 | b001 0000 | 48c7 86b8 | 0100 0001 | 0000 00e9 
  0x000001e98016efa0: 2900 0000 | 4883 bec0 | 0100 0000 | 7517 4c89 | 86c0 0100 | 0048 c786 | c801 0000 | 0100 0000 
  0x000001e98016efc0: e908 0000 | 0048 8386 | a801 0000 

  0x000001e98016efcc: ;   {metadata(method data for {method} {0x00000000121cb6e0} 'toString' '()Ljava/lang/String;' in 'java/net/URL')}
  0x000001e98016efcc: 0149 b828 | e212 92e9 | 0100 0041 | 8bb0 9000 | 0000 83c6 | 0241 89b0 | 9000 0000 | 81e6 feff 
  0x000001e98016efec: 1f00 85f6 | 0f84 7202 | 0000 4c8b 

  0x000001e98016eff8: ;   {metadata(method data for {method} {0x00000000121cb6e0} 'toString' '()Ljava/lang/String;' in 'java/net/URL')}
  0x000001e98016eff8: c248 be28 | e212 92e9 | 0100 0045 | 8b40 0841 | ba00 0000 | 124d 03c2 | 4c3b 86e0 | 0000 0075 
  0x000001e98016f018: 0d48 8386 | e800 0000 | 01e9 6000 | 0000 4c3b | 86f0 0000 | 0075 0d48 | 8386 f800 | 0000 01e9 
  0x000001e98016f038: 4a00 0000 | 4883 bee0 | 0000 0000 | 7517 4c89 | 86e0 0000 | 0048 c786 | e800 0000 | 0100 0000 
  0x000001e98016f058: e929 0000 | 0048 83be | f000 0000 | 0075 174c | 8986 f000 | 0000 48c7 | 86f8 0000 | 0001 0000 
  0x000001e98016f078: 00e9 0800 | 0000 4883 | 86d8 0000 

  0x000001e98016f084: ;   {metadata(method data for {method} {0x00000000121cbf78} 'toExternalForm' '()Ljava/lang/String;' in 'java/net/URL')}
  0x000001e98016f084: 0001 49b8 | 18b8 0f92 | e901 0000 | 418b b090 | 0000 0083 | c602 4189 | b090 0000 | 0081 e6fe 
  0x000001e98016f0a4: ff1f 0085 | f60f 84da | 0100 008b | 7238 48c1 | e603 483b | 064c 8bc6 

  0x000001e98016f0bc: ;   {metadata(method data for {method} {0x00000000121cbf78} 'toExternalForm' '()Ljava/lang/String;' in 'java/net/URL')}
  0x000001e98016f0bc: 48bf 18b8 | 0f92 e901 | 0000 458b | 4008 41ba | 0000 0012 | 4d03 c24c | 3b87 e000 | 0000 750d 
  0x000001e98016f0dc: 4883 87e8 | 0000 0001 | e960 0000 | 004c 3b87 | f000 0000 | 750d 4883 | 87f8 0000 | 0001 e94a 
  0x000001e98016f0fc: 0000 0048 | 83bf e000 | 0000 0075 | 174c 8987 | e000 0000 | 48c7 87e8 | 0000 0001 | 0000 00e9 
  0x000001e98016f11c: 2900 0000 | 4883 bff0 | 0000 0000 | 7517 4c89 | 87f0 0000 | 0048 c787 | f800 0000 | 0100 0000 
  0x000001e98016f13c: e908 0000 | 0048 8387 | d800 0000 | 014c 8bc2 

  0x000001e98016f14c: ;   {optimized virtual_call}
  0x000001e98016f14c: 488b d6e8 

  0x000001e98016f150: ; ImmutableOopMap {[120]=Oop [128]=Oop [136]=Oop [152]=Oop }
                      ;*invokevirtual toExternalForm {reexecute=0 rethrow=0 return_oop=0}
                      ; - java.net.URL::toExternalForm@5 (line 1153)
                      ; - java.net.URL::toString@1 (line 1139)
                      ; - java.lang.ClassLoader::defineClassSourceLocation@22 (line 864)
                      ; - java.lang.ClassLoader::defineClass@12 (line 961)
  0x000001e98016f150: cc63 f6ff 

  0x000001e98016f154: ;   {post_call_nop}
  0x000001e98016f154: 0f1f 8400 | 4c06 0001 | 488b d848 | 8b84 2498 | 0000 008b | b424 9400 | 0000 8bbc | 2490 0000 
  0x000001e98016f174: 004c 8b8c | 2488 0000 | 004c 8b84 | 2480 0000 | 0048 8b54 

  0x000001e98016f188: ;   {metadata(method data for {method} {0x00000000124a42b8} 'defineClass' '(Ljava/lang/String;[BIILjava/security/ProtectionDomain;)Ljava/lang/Class;' in 'java/lang/ClassLoader')}
  0x000001e98016f188: 2478 48b9 | 886d 1692 | e901 0000 | 4883 8138 | 0100 0001 | 4c8b da49 | 8bd3 488b | c848 891c 
  0x000001e98016f1a8: 2466 0f1f 

  0x000001e98016f1ac: ;   {static_call}
  0x000001e98016f1ac: 4400 00e8 

  0x000001e98016f1b0: ; ImmutableOopMap {[120]=Oop [152]=Oop }
                      ;*invokestatic defineClass1 {reexecute=0 rethrow=0 return_oop=0}
                      ; - java.lang.ClassLoader::defineClass@27 (line 962)
  0x000001e98016f1b0: dc07 9807 

  0x000001e98016f1b4: ;   {post_call_nop}
  0x000001e98016f1b4: 0f1f 8400 | ac06 0002 | 488b 5424 

  0x000001e98016f1c0: ;   {metadata(method data for {method} {0x00000000124a42b8} 'defineClass' '(Ljava/lang/String;[BIILjava/security/ProtectionDomain;)Ljava/lang/Class;' in 'java/lang/ClassLoader')}
  0x000001e98016f1c0: 7849 b888 | 6d16 92e9 | 0100 0049 | 8380 4801 | 0000 014c | 8bc0 4c8b | 8c24 9800 | 0000 488b 
  0x000001e98016f1e0: 5424 7848 | 8984 24a0 | 0000 000f 

  0x000001e98016f1ec: ;   {optimized virtual_call}
  0x000001e98016f1ec: 1f40 00e8 

  0x000001e98016f1f0: ; ImmutableOopMap {[160]=Oop }
                      ;*invokevirtual postDefineClass {reexecute=0 rethrow=0 return_oop=0}
                      ; - java.lang.ClassLoader::defineClass@37 (line 963)
  0x000001e98016f1f0: ac58 ffff 

  0x000001e98016f1f4: ;   {post_call_nop}
  0x000001e98016f1f4: 0f1f 8400 | ec06 0003 | 488b 8424 | a000 0000 | 4881 c4b0 | 0000 005d 

  0x000001e98016f20c: ;   {poll_return}
  0x000001e98016f20c: 493b 6728 | 0f87 9900 

  0x000001e98016f214: ;   {metadata({method} {0x00000000124a42b8} 'defineClass' '(Ljava/lang/String;[BIILjava/security/ProtectionDomain;)Ljava/lang/Class;' in 'java/lang/ClassLoader')}
  0x000001e98016f214: 0000 c349 | bab0 424a | 1200 0000 | 004c 8954 | 2408 48c7 | 0424 ffff 

  0x000001e98016f22c: ;   {runtime_call C1 Runtime counter_overflow_blob}
  0x000001e98016f22c: ffff e82d 

  0x000001e98016f230: ; ImmutableOopMap {rdx=Oop r8=Oop r9=Oop rcx=Oop [120]=Oop }
                      ;*synchronization entry
                      ; - java.lang.ClassLoader::defineClass@-1 (line 960)
  0x000001e98016f230: f44d 07e9 | 32fa ffff 

  0x000001e98016f238: ;   {metadata({method} {0x00000000124a3ff8} 'defineClassSourceLocation' '(Ljava/security/ProtectionDomain;)Ljava/lang/String;' in 'java/lang/ClassLoader')}
  0x000001e98016f238: 49ba f03f | 4a12 0000 | 0000 4c89 | 5424 0848 | c704 24ff 

  0x000001e98016f24c: ;   {runtime_call C1 Runtime counter_overflow_blob}
  0x000001e98016f24c: ffff ffe8 

  0x000001e98016f250: ; ImmutableOopMap {rax=Oop [120]=Oop [128]=Oop [136]=Oop [152]=Oop }
                      ;*synchronization entry
                      ; - java.lang.ClassLoader::defineClassSourceLocation@-1 (line 861)
                      ; - java.lang.ClassLoader::defineClass@12 (line 961)
  0x000001e98016f250: 0cf4 4d07 | e9ab faff 

  0x000001e98016f258: ;   {runtime_call C1 Runtime throw_null_pointer_exception_blob}
  0x000001e98016f258: ffe8 8290 

  0x000001e98016f25c: ; ImmutableOopMap {rax=Oop [120]=Oop [128]=Oop [136]=Oop [152]=Oop }
                      ;*invokevirtual getCodeSource {reexecute=0 rethrow=0 return_oop=0}
                      ; - java.lang.ClassLoader::defineClassSourceLocation@1 (line 861)
                      ; - java.lang.ClassLoader::defineClass@12 (line 961)
                      ;   {runtime_call C1 Runtime throw_null_pointer_exception_blob}
  0x000001e98016f25c: 4d07 e87d 

  0x000001e98016f260: ; ImmutableOopMap {rax=Oop r8=Oop [120]=Oop [128]=Oop [136]=Oop [152]=Oop }
                      ;*invokevirtual getLocation {reexecute=0 rethrow=0 return_oop=0}
                      ; - java.lang.ClassLoader::defineClassSourceLocation@12 (line 863)
                      ; - java.lang.ClassLoader::defineClass@12 (line 961)
                      ;   {runtime_call C1 Runtime throw_null_pointer_exception_blob}
  0x000001e98016f260: 904d 07e8 

  0x000001e98016f264: ; ImmutableOopMap {rdx=Oop [120]=Oop [128]=Oop [136]=Oop [152]=Oop }
                      ;*invokevirtual toString {reexecute=0 rethrow=0 return_oop=0}
                      ; - java.lang.ClassLoader::defineClassSourceLocation@22 (line 864)
                      ; - java.lang.ClassLoader::defineClass@12 (line 961)
  0x000001e98016f264: 7890 4d07 

  0x000001e98016f268: ;   {metadata({method} {0x00000000121cb6e0} 'toString' '()Ljava/lang/String;' in 'java/net/URL')}
  0x000001e98016f268: 49ba d8b6 | 1c12 0000 | 0000 4c89 | 5424 0848 | c704 24ff 

  0x000001e98016f27c: ;   {runtime_call C1 Runtime counter_overflow_blob}
  0x000001e98016f27c: ffff ffe8 

  0x000001e98016f280: ; ImmutableOopMap {rdx=Oop [120]=Oop [128]=Oop [136]=Oop [152]=Oop }
                      ;*synchronization entry
                      ; - java.net.URL::toString@-1 (line 1139)
                      ; - java.lang.ClassLoader::defineClassSourceLocation@22 (line 864)
                      ; - java.lang.ClassLoader::defineClass@12 (line 961)
  0x000001e98016f280: dcf3 4d07 | e96d fdff 

  0x000001e98016f288: ;   {metadata({method} {0x00000000121cbf78} 'toExternalForm' '()Ljava/lang/String;' in 'java/net/URL')}
  0x000001e98016f288: ff49 ba70 | bf1c 1200 | 0000 004c | 8954 2408 | 48c7 0424 | ffff ffff 

  0x000001e98016f2a0: ;   {runtime_call C1 Runtime counter_overflow_blob}
  0x000001e98016f2a0: e8bb f34d 

  0x000001e98016f2a4: ; ImmutableOopMap {rdx=Oop [120]=Oop [128]=Oop [136]=Oop [152]=Oop }
                      ;*synchronization entry
                      ; - java.net.URL::toExternalForm@-1 (line 1153)
                      ; - java.net.URL::toString@1 (line 1139)
                      ; - java.lang.ClassLoader::defineClassSourceLocation@22 (line 864)
                      ; - java.lang.ClassLoader::defineClass@12 (line 961)
  0x000001e98016f2a4: 07e9 05fe 

  0x000001e98016f2a8: ;   {runtime_call C1 Runtime throw_null_pointer_exception_blob}
  0x000001e98016f2a8: ffff e831 

  0x000001e98016f2ac: ; ImmutableOopMap {rdx=Oop rsi=Oop [120]=Oop [128]=Oop [136]=Oop [152]=Oop }
                      ;*invokevirtual toExternalForm {reexecute=0 rethrow=0 return_oop=0}
                      ; - java.net.URL::toExternalForm@5 (line 1153)
                      ; - java.net.URL::toString@1 (line 1139)
                      ; - java.lang.ClassLoader::defineClassSourceLocation@22 (line 864)
                      ; - java.lang.ClassLoader::defineClass@12 (line 961)
                      ;   {internal_word}
  0x000001e98016f2ac: 904d 0749 | ba0c f216 | 80e9 0100 | 004d 8997 | e004 0000 

  0x000001e98016f2c0: ;   {runtime_call SafepointBlob}
  0x000001e98016f2c0: e99b 1c41 | 0749 8b87 | 8805 0000 | 49c7 8788 | 0500 0000 | 0000 0049 | c787 9005 | 0000 0000 
  0x000001e98016f2e0: 0000 4881 | c4b0 0000 

  0x000001e98016f2e8: ;   {runtime_call C1 Runtime unwind_exception_blob}
  0x000001e98016f2e8: 005d e9f1 | 804d 07f4 
[Stub Code]
  0x000001e98016f2f0: ;   {other}
  0x000001e98016f2f0: 0f1f 4400 

  0x000001e98016f2f4: ;   {static_stub}
  0x000001e98016f2f4: 0048 bb00 | 0000 0000 

  0x000001e98016f2fc: ;   {runtime_call nmethod}
  0x000001e98016f2fc: 0000 00e9 | fbff ffff 

  0x000001e98016f304: ;   {static_stub}
  0x000001e98016f304: 48bb 0000 | 0000 0000 

  0x000001e98016f30c: ;   {runtime_call nmethod}
  0x000001e98016f30c: 0000 e9fb 

  0x000001e98016f310: ;   {static_stub}
  0x000001e98016f310: ffff ff48 | bb00 0000 | 0000 0000 

  0x000001e98016f31c: ;   {runtime_call nmethod}
  0x000001e98016f31c: 00e9 fbff 

  0x000001e98016f320: ;   {static_stub}
  0x000001e98016f320: ffff 48bb | 0000 0000 | 0000 0000 

  0x000001e98016f32c: ;   {runtime_call nmethod}
  0x000001e98016f32c: e9fb ffff 

  0x000001e98016f330: ;   {runtime_call C1 Runtime handle_exception_from_callee_blob}
  0x000001e98016f330: ffe8 aab5 

  0x000001e98016f334: ;   {external_word}
  0x000001e98016f334: 4d07 48b9 | 4808 1c2a | fd7f 0000 | 4883 e4f0 

  0x000001e98016f344: ;   {runtime_call}
  0x000001e98016f344: 48b8 008d | df29 fd7f | 0000 ffd0 

  0x000001e98016f350: ;   {section_word}
  0x000001e98016f350: f449 ba51 | f316 80e9 | 0100 0041 

  0x000001e98016f35c: ;   {runtime_call DeoptimizationBlob}
  0x000001e98016f35c: 52e9 fe1e | 4107 f4f4 | f4f4 f4f4 
[/MachCode]


Compiled method (c1) 13603  988       3       java.security.SecureClassLoader::defineClass (16 bytes)
 total in heap  [0x000001e98016e788,0x000001e98016eaa0] = 792
 main code      [0x000001e98016e880,0x000001e98016ea50] = 464
 stub code      [0x000001e98016ea50,0x000001e98016eaa0] = 80
 mutable data [0x000001e996880730,0x000001e996880788] = 88
 relocation     [0x000001e996880730,0x000001e996880780] = 80
 metadata       [0x000001e996880780,0x000001e996880788] = 8
 immutable data [0x000001e996794620,0x000001e9967946c0] = 160
 dependencies   [0x000001e996794620,0x000001e996794628] = 8
 scopes pcs     [0x000001e996794628,0x000001e996794678] = 80
 scopes data    [0x000001e996794678,0x000001e9967946c0] = 72

[Constant Pool (empty)]

[MachCode]
[Instructions begin]
  0x000001e98016e880: 6666 660f | 1f84 0000 | 0000 0066 | 6666 9066 | 6690 448b | 5208 443b 

  0x000001e98016e898: ;   {runtime_call Shared Runtime ic_miss_blob}
  0x000001e98016e898: 5008 0f85 | 4002 4107 
[Verified Entry Point]
  0x000001e98016e8a0: 8984 2400 | 80ff ff55 | 4883 ec70 | 4181 7f20 | 0100 0000 

  0x000001e98016e8b4: ;   {runtime_call Stub::method_entry_barrier}
  0x000001e98016e8b4: 7405 e885 

  0x000001e98016e8b8: ;   {metadata(method data for {method} {0x00000000121cb240} 'defineClass' '(Ljava/lang/String;[BIILjava/security/CodeSource;)Ljava/lang/Class;' in 'java/security/SecureClassLoader')}
  0x000001e98016e8b8: 593f 0748 | bbe8 6b16 | 92e9 0100 | 008b 8390 | 0000 0083 | c002 8983 | 9000 0000 | 25fe 0700 
  0x000001e98016e8d8: 0085 c00f | 840b 0100 | 0089 7424 | 5c89 7c24 | 584c 894c | 2450 4c89 | 4424 4848 

  0x000001e98016e8f4: ;   {metadata(method data for {method} {0x00000000121cb240} 'defineClass' '(Ljava/lang/String;[BIILjava/security/CodeSource;)Ljava/lang/Class;' in 'java/security/SecureClassLoader')}
  0x000001e98016e8f4: 8bda 48b8 | e86b 1692 | e901 0000 | 4883 80d8 | 0000 0001 | 4c8b c148 | 8bc2 488b | d048 8944 
  0x000001e98016e914: ;   {optimized virtual_call}
  0x000001e98016e914: 2440 90e8 

  0x000001e98016e918: ; ImmutableOopMap {[64]=Oop [72]=Oop [80]=Oop }
                      ;*invokevirtual getProtectionDomain {reexecute=0 rethrow=0 return_oop=0}
                      ; - java.security.SecureClassLoader::defineClass@9 (line 144)
  0x000001e98016e918: 8475 ffff 

  0x000001e98016e91c: ;   {post_call_nop}
  0x000001e98016e91c: 0f1f 8400 | 9401 0000 | 488b 5424 

  0x000001e98016e928: ;   {metadata(method data for {method} {0x00000000121cb240} 'defineClass' '(Ljava/lang/String;[BIILjava/security/CodeSource;)Ljava/lang/Class;' in 'java/security/SecureClassLoader')}
  0x000001e98016e928: 4049 b8e8 | 6b16 92e9 | 0100 008b | 5208 41ba | 0000 0012 | 4903 d249 | 3b90 1001 | 0000 750d 
  0x000001e98016e948: 4983 8018 | 0100 0001 | e960 0000 | 0049 3b90 | 2001 0000 | 750d 4983 | 8028 0100 | 0001 e94a 
  0x000001e98016e968: 0000 0049 | 83b8 1001 | 0000 0075 | 1749 8990 | 1001 0000 | 49c7 8018 | 0100 0001 | 0000 00e9 
  0x000001e98016e988: 2900 0000 | 4983 b820 | 0100 0000 | 7517 4989 | 9020 0100 | 0049 c780 | 2801 0000 | 0100 0000 
  0x000001e98016e9a8: e908 0000 | 0049 8380 | 0801 0000 | 014c 8b44 | 2448 4c8b | 4c24 508b | 7c24 588b | 7424 5c48 
  0x000001e98016e9c8: 8bc8 488b 

  0x000001e98016e9cc: ;   {optimized virtual_call}
  0x000001e98016e9cc: 5424 40e8 

  0x000001e98016e9d0: ; ImmutableOopMap {}
                      ;*invokevirtual defineClass {reexecute=0 rethrow=0 return_oop=0}
                      ; - java.security.SecureClassLoader::defineClass@12 (line 144)
  0x000001e98016e9d0: 4c02 0000 

  0x000001e98016e9d4: ;   {post_call_nop}
  0x000001e98016e9d4: 0f1f 8400 | 4c02 0001 | 4883 c470 

  0x000001e98016e9e0: ;   {poll_return}
  0x000001e98016e9e0: 5d49 3b67 | 280f 8722 | 0000 00c3 

  0x000001e98016e9ec: ;   {metadata({method} {0x00000000121cb240} 'defineClass' '(Ljava/lang/String;[BIILjava/security/CodeSource;)Ljava/lang/Class;' in 'java/security/SecureClassLoader')}
  0x000001e98016e9ec: 49ba 38b2 | 1c12 0000 | 0000 4c89 | 5424 0848 | c704 24ff 

  0x000001e98016ea00: ;   {runtime_call C1 Runtime counter_overflow_blob}
  0x000001e98016ea00: ffff ffe8 

  0x000001e98016ea04: ; ImmutableOopMap {rdx=Oop r8=Oop r9=Oop rcx=Oop }
                      ;*synchronization entry
                      ; - java.security.SecureClassLoader::defineClass@-1 (line 144)
  0x000001e98016ea04: 58fc 4d07 | e9d4 feff 

  0x000001e98016ea0c: ;   {internal_word}
  0x000001e98016ea0c: ff49 bae1 | e916 80e9 | 0100 004d | 8997 e004 

  0x000001e98016ea1c: ;   {runtime_call SafepointBlob}
  0x000001e98016ea1c: 0000 e93d | 2541 0749 | 8b87 8805 | 0000 49c7 | 8788 0500 | 0000 0000 | 0049 c787 | 9005 0000 
  0x000001e98016ea3c: 0000 0000 | 4883 c470 

  0x000001e98016ea44: ;   {runtime_call C1 Runtime unwind_exception_blob}
  0x000001e98016ea44: 5de9 9689 | 4d07 f4f4 | f4f4 f4f4 
[Stub Code]
  0x000001e98016ea50: ;   {static_stub}
  0x000001e98016ea50: 48bb 0000 | 0000 0000 

  0x000001e98016ea58: ;   {runtime_call nmethod}
  0x000001e98016ea58: 0000 e9fb 

  0x000001e98016ea5c: ;   {static_stub}
  0x000001e98016ea5c: ffff ff48 | bbb0 424a | 1200 0000 

  0x000001e98016ea68: ;   {runtime_call I2C/C2I adapters}
  0x000001e98016ea68: 00e9 d66e 

  0x000001e98016ea6c: ;   {runtime_call C1 Runtime handle_exception_from_callee_blob}
  0x000001e98016ea6c: 4007 e86d 

  0x000001e98016ea70: ;   {external_word}
  0x000001e98016ea70: be4d 0748 | b948 081c | 2afd 7f00 | 0048 83e4 

  0x000001e98016ea80: ;   {runtime_call}
  0x000001e98016ea80: f048 b800 | 8ddf 29fd | 7f00 00ff 

  0x000001e98016ea8c: ;   {section_word}
  0x000001e98016ea8c: d0f4 49ba | 8eea 1680 | e901 0000 

  0x000001e98016ea98: ;   {runtime_call DeoptimizationBlob}
  0x000001e98016ea98: 4152 e9c1 | 2741 07f4 
[/MachCode]


---------------  P R O C E S S  ---------------

Threads class SMR info:
_java_thread_list=0x000001e991c06e20, length=12, elements={
0x000001e9f0111010, 0x000001e9ffda4c50, 0x000001e9ffda56b0, 0x000001e9ffda6510,
0x000001e9ffdaa4e0, 0x000001e9ffda89c0, 0x000001e9ffda98d0, 0x000001e9ffddd9b0,
0x000001e9918a20a0, 0x000001e9ffdd4110, 0x000001e9ffdd5880, 0x000001e996f60010
}

Java Threads: ( => current thread )
=>0x000001e9f0111010 JavaThread "main"                              [_thread_in_vm, id=30932, stack(0x0000003266300000,0x0000003266400000) (1024K)]
  0x000001e9ffda4c50 JavaThread "Reference Handler"          daemon [_thread_blocked, id=30596, stack(0x0000003266b00000,0x0000003266c00000) (1024K)]
  0x000001e9ffda56b0 JavaThread "Finalizer"                  daemon [_thread_blocked, id=31200, stack(0x0000003266c00000,0x0000003266d00000) (1024K)]
  0x000001e9ffda6510 JavaThread "Signal Dispatcher"          daemon [_thread_blocked, id=5312, stack(0x0000003266d00000,0x0000003266e00000) (1024K)]
  0x000001e9ffdaa4e0 JavaThread "Attach Listener"            daemon [_thread_blocked, id=28184, stack(0x0000003266e00000,0x0000003266f00000) (1024K)]
  0x000001e9ffda89c0 JavaThread "Service Thread"             daemon [_thread_blocked, id=11088, stack(0x0000003266f00000,0x0000003267000000) (1024K)]
  0x000001e9ffda98d0 JavaThread "Monitor Deflation Thread"   daemon [_thread_blocked, id=3080, stack(0x0000003267000000,0x0000003267100000) (1024K)]
  0x000001e9ffddd9b0 JavaThread "C2 CompilerThread0"         daemon [_thread_in_native, id=27508, stack(0x0000003267100000,0x0000003267200000) (1024K)]
  0x000001e9918a20a0 JavaThread "C1 CompilerThread0"         daemon [_thread_blocked, id=1980, stack(0x0000003267200000,0x0000003267300000) (1024K)]
  0x000001e9ffdd4110 JavaThread "Notification Thread"        daemon [_thread_blocked, id=22580, stack(0x0000003267300000,0x0000003267400000) (1024K)]
  0x000001e9ffdd5880 JavaThread "Common-Cleaner"             daemon [_thread_blocked, id=6460, stack(0x0000003267400000,0x0000003267500000) (1024K)]
  0x000001e996f60010 JavaThread "Thread-1"                   daemon [_thread_blocked, id=13252, stack(0x0000003267b00000,0x0000003267c00000) (1024K)]
Total: 12

Other Threads:
  0x000001e9ffd916b0 VMThread "VM Thread"                           [id=10856, stack(0x0000003266a00000,0x0000003266b00000) (1024K)]
  0x000001e9ffd828f0 WatcherThread "VM Periodic Task Thread"        [id=2572, stack(0x0000003266900000,0x0000003266a00000) (1024K)]
  0x000001e9f0174650 WorkerThread "GC Thread#0"                     [id=5868, stack(0x0000003266400000,0x0000003266500000) (1024K)]
  0x000001e9968a8c90 WorkerThread "GC Thread#1"                     [id=5652, stack(0x0000003267500000,0x0000003267600000) (1024K)]
  0x000001e996d62f30 WorkerThread "GC Thread#2"                     [id=2828, stack(0x0000003267600000,0x0000003267700000) (1024K)]
  0x000001e996d63b70 WorkerThread "GC Thread#3"                     [id=14108, stack(0x0000003267700000,0x0000003267800000) (1024K)]
  0x000001e996d643a0 WorkerThread "GC Thread#4"                     [id=16408, stack(0x0000003267800000,0x0000003267900000) (1024K)]
  0x000001e996d64be0 WorkerThread "GC Thread#5"                     [id=24832, stack(0x0000003267900000,0x0000003267a00000) (1024K)]
  0x000001e997159720 WorkerThread "GC Thread#6"                     [id=19648, stack(0x0000003267d00000,0x0000003267e00000) (1024K)]
  0x000001e99715cae0 WorkerThread "GC Thread#7"                     [id=20292, stack(0x0000003267e00000,0x0000003267f00000) (1024K)]
  0x000001e99715d380 WorkerThread "GC Thread#8"                     [id=26560, stack(0x0000003267f00000,0x0000003268000000) (1024K)]
  0x000001e99715d7d0 WorkerThread "GC Thread#9"                     [id=29484, stack(0x0000003268000000,0x0000003268100000) (1024K)]
  0x000001e9ffc22010 ConcurrentGCThread "G1 Main Marker"            [id=28704, stack(0x0000003266500000,0x0000003266600000) (1024K)]
  0x000001e9f0189f20 WorkerThread "G1 Conc#0"                       [id=23032, stack(0x0000003266600000,0x0000003266700000) (1024K)]
  0x000001e9f01be580 ConcurrentGCThread "G1 Refine#0"               [id=3460, stack(0x0000003266700000,0x0000003266800000) (1024K)]
  0x000001e9ffc57c10 ConcurrentGCThread "G1 Service"                [id=26096, stack(0x0000003266800000,0x0000003266900000) (1024K)]
Total: 16

Threads with active compile tasks:
C2 CompilerThread0  13635 6033       4       org.apache.maven.model.inheritance.DefaultInheritanceAssembler$InheritanceModelMerger::mergePluginContainer_Plugins (433 bytes)
Total: 1

VM state: not at safepoint (normal execution)

VM Mutex/Monitor currently owned by a thread:  ([mutex/lock_event])
[0x00007ffd2a4872e8] Metaspace_lock - owner thread: 0x000001e9f0111010

Heap address: 0x0000000705800000, size: 4008 MB, Compressed Oops mode: Zero based, Oop shift amount: 3

CDS archive(s) mapped at: [0x0000000012000000-0x0000000012dd0000-0x0000000012dd0000), size 14483456, SharedBaseAddress: 0x0000000012000000, ArchiveRelocationMode: 1.
Compressed class space mapped at: 0x0000000013000000-0x0000000053000000, reserved size: 1073741824
UseCompressedClassPointers 1, UseCompactObjectHeaders 0
Narrow klass pointer bits 32, Max shift 3
Narrow klass base: 0x0000000012000000, Narrow klass shift: 0
Encoding Range: [0x0000000012000000 - 0x0000000112000000), (4294967296 bytes)
Klass Range:    [0x0000000012010000 - 0x0000000053000000), (1090453504 bytes)
Klass ID Range:  [65536 - 1090519033) (1090453497)
Protection zone: [0x0000000012000000 - 0x0000000012010000), (65536 bytes)

GC Precious Log:
 CardTable entry size: 512
 Card Set container configuration: InlinePtr #cards 4 size 8 Array Of Cards #cards 16 size 48 Howl #buckets 8 coarsen threshold 3686 Howl Bitmap #cards 512 size 80 coarsen threshold 460 Card regions per heap region 1 cards per card region 4096
 CPUs: 12 total, 12 available
 Memory: 16024M
 Large Page Support: Disabled
 NUMA Support: Disabled
 Compressed Oops: Enabled (Zero based)
 Heap Region Size: 2M
 Heap Min Capacity: 8M
 Heap Initial Capacity: 252M
 Heap Max Capacity: 4008M
 Pre-touch: Disabled
 Parallel Workers: 10
 Concurrent Workers: 3
 Concurrent Refinement Workers: 10
 Periodic GC: Disabled

Heap:
 garbage-first heap   total reserved 4104192K, committed 260096K, used 101746K [0x0000000705800000, 0x0000000800000000)
  region size 2048K, 51 young (104448K), 8 survivors (16384K)

Heap Regions: E=young(eden), S=young(survivor), O=old, HS=humongous(starts), HC=humongous(continues), CS=collection set, F=free, TAMS=top-at-mark-start, PB=parsable bottom
|   0|0x0000000705800000, 0x0000000705800000, 0x0000000705a00000|  0%| F|  |TAMS 0x0000000705800000| PB 0x0000000705800000| Untracked |  0
|   1|0x0000000705a00000, 0x0000000705a00000, 0x0000000705c00000|  0%| F|  |TAMS 0x0000000705a00000| PB 0x0000000705a00000| Untracked |  0
|   2|0x0000000705c00000, 0x0000000705c00000, 0x0000000705e00000|  0%| F|  |TAMS 0x0000000705c00000| PB 0x0000000705c00000| Untracked |  0
|   3|0x0000000705e00000, 0x0000000705e00000, 0x0000000706000000|  0%| F|  |TAMS 0x0000000705e00000| PB 0x0000000705e00000| Untracked |  0
|   4|0x0000000706000000, 0x0000000706000000, 0x0000000706200000|  0%| F|  |TAMS 0x0000000706000000| PB 0x0000000706000000| Untracked |  0
|   5|0x0000000706200000, 0x0000000706200000, 0x0000000706400000|  0%| F|  |TAMS 0x0000000706200000| PB 0x0000000706200000| Untracked |  0
|   6|0x0000000706400000, 0x0000000706400000, 0x0000000706600000|  0%| F|  |TAMS 0x0000000706400000| PB 0x0000000706400000| Untracked |  0
|   7|0x0000000706600000, 0x0000000706600000, 0x0000000706800000|  0%| F|  |TAMS 0x0000000706600000| PB 0x0000000706600000| Untracked |  0
|   8|0x0000000706800000, 0x0000000706800000, 0x0000000706a00000|  0%| F|  |TAMS 0x0000000706800000| PB 0x0000000706800000| Untracked |  0
|   9|0x0000000706a00000, 0x0000000706a00000, 0x0000000706c00000|  0%| F|  |TAMS 0x0000000706a00000| PB 0x0000000706a00000| Untracked |  0
|  10|0x0000000706c00000, 0x0000000706c00000, 0x0000000706e00000|  0%| F|  |TAMS 0x0000000706c00000| PB 0x0000000706c00000| Untracked |  0
|  11|0x0000000706e00000, 0x0000000706e00000, 0x0000000707000000|  0%| F|  |TAMS 0x0000000706e00000| PB 0x0000000706e00000| Untracked |  0
|  12|0x0000000707000000, 0x0000000707000000, 0x0000000707200000|  0%| F|  |TAMS 0x0000000707000000| PB 0x0000000707000000| Untracked |  0
|  13|0x0000000707200000, 0x0000000707200000, 0x0000000707400000|  0%| F|  |TAMS 0x0000000707200000| PB 0x0000000707200000| Untracked |  0
|  14|0x0000000707400000, 0x0000000707400000, 0x0000000707600000|  0%| F|  |TAMS 0x0000000707400000| PB 0x0000000707400000| Untracked |  0
|  15|0x0000000707600000, 0x0000000707600000, 0x0000000707800000|  0%| F|  |TAMS 0x0000000707600000| PB 0x0000000707600000| Untracked |  0
|  16|0x0000000707800000, 0x0000000707800000, 0x0000000707a00000|  0%| F|  |TAMS 0x0000000707800000| PB 0x0000000707800000| Untracked |  0
|  17|0x0000000707a00000, 0x0000000707a00000, 0x0000000707c00000|  0%| F|  |TAMS 0x0000000707a00000| PB 0x0000000707a00000| Untracked |  0
|  18|0x0000000707c00000, 0x0000000707c00000, 0x0000000707e00000|  0%| F|  |TAMS 0x0000000707c00000| PB 0x0000000707c00000| Untracked |  0
|  19|0x0000000707e00000, 0x0000000707e00000, 0x0000000708000000|  0%| F|  |TAMS 0x0000000707e00000| PB 0x0000000707e00000| Untracked |  0
|  20|0x0000000708000000, 0x0000000708000000, 0x0000000708200000|  0%| F|  |TAMS 0x0000000708000000| PB 0x0000000708000000| Untracked |  0
|  21|0x0000000708200000, 0x0000000708200000, 0x0000000708400000|  0%| F|  |TAMS 0x0000000708200000| PB 0x0000000708200000| Untracked |  0
|  22|0x0000000708400000, 0x0000000708400000, 0x0000000708600000|  0%| F|  |TAMS 0x0000000708400000| PB 0x0000000708400000| Untracked |  0
|  23|0x0000000708600000, 0x0000000708600000, 0x0000000708800000|  0%| F|  |TAMS 0x0000000708600000| PB 0x0000000708600000| Untracked |  0
|  24|0x0000000708800000, 0x0000000708800000, 0x0000000708a00000|  0%| F|  |TAMS 0x0000000708800000| PB 0x0000000708800000| Untracked |  0
|  25|0x0000000708a00000, 0x0000000708a00000, 0x0000000708c00000|  0%| F|  |TAMS 0x0000000708a00000| PB 0x0000000708a00000| Untracked |  0
|  26|0x0000000708c00000, 0x0000000708c00000, 0x0000000708e00000|  0%| F|  |TAMS 0x0000000708c00000| PB 0x0000000708c00000| Untracked |  0
|  27|0x0000000708e00000, 0x0000000708e00000, 0x0000000709000000|  0%| F|  |TAMS 0x0000000708e00000| PB 0x0000000708e00000| Untracked |  0
|  28|0x0000000709000000, 0x0000000709000000, 0x0000000709200000|  0%| F|  |TAMS 0x0000000709000000| PB 0x0000000709000000| Untracked |  0
|  29|0x0000000709200000, 0x0000000709200000, 0x0000000709400000|  0%| F|  |TAMS 0x0000000709200000| PB 0x0000000709200000| Untracked |  0
|  30|0x0000000709400000, 0x0000000709400000, 0x0000000709600000|  0%| F|  |TAMS 0x0000000709400000| PB 0x0000000709400000| Untracked |  0
|  31|0x0000000709600000, 0x0000000709600000, 0x0000000709800000|  0%| F|  |TAMS 0x0000000709600000| PB 0x0000000709600000| Untracked |  0
|  32|0x0000000709800000, 0x0000000709800000, 0x0000000709a00000|  0%| F|  |TAMS 0x0000000709800000| PB 0x0000000709800000| Untracked |  0
|  33|0x0000000709a00000, 0x0000000709a00000, 0x0000000709c00000|  0%| F|  |TAMS 0x0000000709a00000| PB 0x0000000709a00000| Untracked |  0
|  34|0x0000000709c00000, 0x0000000709c00000, 0x0000000709e00000|  0%| F|  |TAMS 0x0000000709c00000| PB 0x0000000709c00000| Untracked |  0
|  35|0x0000000709e00000, 0x0000000709e00000, 0x000000070a000000|  0%| F|  |TAMS 0x0000000709e00000| PB 0x0000000709e00000| Untracked |  0
|  36|0x000000070a000000, 0x000000070a000000, 0x000000070a200000|  0%| F|  |TAMS 0x000000070a000000| PB 0x000000070a000000| Untracked |  0
|  37|0x000000070a200000, 0x000000070a200000, 0x000000070a400000|  0%| F|  |TAMS 0x000000070a200000| PB 0x000000070a200000| Untracked |  0
|  38|0x000000070a400000, 0x000000070a400000, 0x000000070a600000|  0%| F|  |TAMS 0x000000070a400000| PB 0x000000070a400000| Untracked |  0
|  39|0x000000070a600000, 0x000000070a600000, 0x000000070a800000|  0%| F|  |TAMS 0x000000070a600000| PB 0x000000070a600000| Untracked |  0
|  40|0x000000070a800000, 0x000000070a800000, 0x000000070aa00000|  0%| F|  |TAMS 0x000000070a800000| PB 0x000000070a800000| Untracked |  0
|  41|0x000000070aa00000, 0x000000070aa00000, 0x000000070ac00000|  0%| F|  |TAMS 0x000000070aa00000| PB 0x000000070aa00000| Untracked |  0
|  42|0x000000070ac00000, 0x000000070ac00000, 0x000000070ae00000|  0%| F|  |TAMS 0x000000070ac00000| PB 0x000000070ac00000| Untracked |  0
|  43|0x000000070ae00000, 0x000000070ae00000, 0x000000070b000000|  0%| F|  |TAMS 0x000000070ae00000| PB 0x000000070ae00000| Untracked |  0
|  44|0x000000070b000000, 0x000000070b000000, 0x000000070b200000|  0%| F|  |TAMS 0x000000070b000000| PB 0x000000070b000000| Untracked |  0
|  45|0x000000070b200000, 0x000000070b200000, 0x000000070b400000|  0%| F|  |TAMS 0x000000070b200000| PB 0x000000070b200000| Untracked |  0
|  46|0x000000070b400000, 0x000000070b400000, 0x000000070b600000|  0%| F|  |TAMS 0x000000070b400000| PB 0x000000070b400000| Untracked |  0
|  47|0x000000070b600000, 0x000000070b600000, 0x000000070b800000|  0%| F|  |TAMS 0x000000070b600000| PB 0x000000070b600000| Untracked |  0
|  48|0x000000070b800000, 0x000000070b800000, 0x000000070ba00000|  0%| F|  |TAMS 0x000000070b800000| PB 0x000000070b800000| Untracked |  0
|  49|0x000000070ba00000, 0x000000070ba00000, 0x000000070bc00000|  0%| F|  |TAMS 0x000000070ba00000| PB 0x000000070ba00000| Untracked |  0
|  50|0x000000070bc00000, 0x000000070bc00000, 0x000000070be00000|  0%| F|  |TAMS 0x000000070bc00000| PB 0x000000070bc00000| Untracked |  0
|  51|0x000000070be00000, 0x000000070be00000, 0x000000070c000000|  0%| F|  |TAMS 0x000000070be00000| PB 0x000000070be00000| Untracked |  0
|  52|0x000000070c000000, 0x000000070c000000, 0x000000070c200000|  0%| F|  |TAMS 0x000000070c000000| PB 0x000000070c000000| Untracked |  0
|  53|0x000000070c200000, 0x000000070c200000, 0x000000070c400000|  0%| F|  |TAMS 0x000000070c200000| PB 0x000000070c200000| Untracked |  0
|  54|0x000000070c400000, 0x000000070c400000, 0x000000070c600000|  0%| F|  |TAMS 0x000000070c400000| PB 0x000000070c400000| Untracked |  0
|  55|0x000000070c600000, 0x000000070c600000, 0x000000070c800000|  0%| F|  |TAMS 0x000000070c600000| PB 0x000000070c600000| Untracked |  0
|  56|0x000000070c800000, 0x000000070c800000, 0x000000070ca00000|  0%| F|  |TAMS 0x000000070c800000| PB 0x000000070c800000| Untracked |  0
|  57|0x000000070ca00000, 0x000000070ca00000, 0x000000070cc00000|  0%| F|  |TAMS 0x000000070ca00000| PB 0x000000070ca00000| Untracked |  0
|  58|0x000000070cc00000, 0x000000070cc00000, 0x000000070ce00000|  0%| F|  |TAMS 0x000000070cc00000| PB 0x000000070cc00000| Untracked |  0
|  59|0x000000070ce00000, 0x000000070ce00000, 0x000000070d000000|  0%| F|  |TAMS 0x000000070ce00000| PB 0x000000070ce00000| Untracked |  0
|  60|0x000000070d000000, 0x000000070d000000, 0x000000070d200000|  0%| F|  |TAMS 0x000000070d000000| PB 0x000000070d000000| Untracked |  0
|  61|0x000000070d200000, 0x000000070d2372f0, 0x000000070d400000| 10%| S|CS|TAMS 0x000000070d200000| PB 0x000000070d200000| Complete |  0
|  62|0x000000070d400000, 0x000000070d600000, 0x000000070d600000|100%| S|CS|TAMS 0x000000070d400000| PB 0x000000070d400000| Complete |  0
|  63|0x000000070d600000, 0x000000070d800000, 0x000000070d800000|100%| S|CS|TAMS 0x000000070d600000| PB 0x000000070d600000| Complete |  0
|  64|0x000000070d800000, 0x000000070da00000, 0x000000070da00000|100%| S|CS|TAMS 0x000000070d800000| PB 0x000000070d800000| Complete |  0
|  65|0x000000070da00000, 0x000000070dc00000, 0x000000070dc00000|100%| S|CS|TAMS 0x000000070da00000| PB 0x000000070da00000| Complete |  0
|  66|0x000000070dc00000, 0x000000070de00000, 0x000000070de00000|100%| S|CS|TAMS 0x000000070dc00000| PB 0x000000070dc00000| Complete |  0
|  67|0x000000070de00000, 0x000000070e000000, 0x000000070e000000|100%| S|CS|TAMS 0x000000070de00000| PB 0x000000070de00000| Complete |  0
|  68|0x000000070e000000, 0x000000070e200000, 0x000000070e200000|100%| S|CS|TAMS 0x000000070e000000| PB 0x000000070e000000| Complete |  0
|  69|0x000000070e200000, 0x000000070e200000, 0x000000070e400000|  0%| F|  |TAMS 0x000000070e200000| PB 0x000000070e200000| Untracked |  0
|  70|0x000000070e400000, 0x000000070e400000, 0x000000070e600000|  0%| F|  |TAMS 0x000000070e400000| PB 0x000000070e400000| Untracked |  0
|  71|0x000000070e600000, 0x000000070e600000, 0x000000070e800000|  0%| F|  |TAMS 0x000000070e600000| PB 0x000000070e600000| Untracked |  0
|  72|0x000000070e800000, 0x000000070e800000, 0x000000070ea00000|  0%| F|  |TAMS 0x000000070e800000| PB 0x000000070e800000| Untracked |  0
|  73|0x000000070ea00000, 0x000000070ea00000, 0x000000070ec00000|  0%| F|  |TAMS 0x000000070ea00000| PB 0x000000070ea00000| Untracked |  0
|  74|0x000000070ec00000, 0x000000070ec00000, 0x000000070ee00000|  0%| F|  |TAMS 0x000000070ec00000| PB 0x000000070ec00000| Untracked |  0
|  75|0x000000070ee00000, 0x000000070ee00000, 0x000000070f000000|  0%| F|  |TAMS 0x000000070ee00000| PB 0x000000070ee00000| Untracked |  0
|  76|0x000000070f000000, 0x000000070f000000, 0x000000070f200000|  0%| F|  |TAMS 0x000000070f000000| PB 0x000000070f000000| Untracked |  0
|  77|0x000000070f200000, 0x000000070f200000, 0x000000070f400000|  0%| F|  |TAMS 0x000000070f200000| PB 0x000000070f200000| Untracked |  0
|  78|0x000000070f400000, 0x000000070f400000, 0x000000070f600000|  0%| F|  |TAMS 0x000000070f400000| PB 0x000000070f400000| Untracked |  0
|  79|0x000000070f600000, 0x000000070f600000, 0x000000070f800000|  0%| F|  |TAMS 0x000000070f600000| PB 0x000000070f600000| Untracked |  0
|  80|0x000000070f800000, 0x000000070f800000, 0x000000070fa00000|  0%| F|  |TAMS 0x000000070f800000| PB 0x000000070f800000| Untracked |  0
|  81|0x000000070fa00000, 0x000000070fa00000, 0x000000070fc00000|  0%| F|  |TAMS 0x000000070fa00000| PB 0x000000070fa00000| Untracked |  0
|  82|0x000000070fc00000, 0x000000070fc00000, 0x000000070fe00000|  0%| F|  |TAMS 0x000000070fc00000| PB 0x000000070fc00000| Untracked |  0
|  83|0x000000070fe00000, 0x0000000710000000, 0x0000000710000000|100%| E|  |TAMS 0x000000070fe00000| PB 0x000000070fe00000| Complete |  0
|  84|0x0000000710000000, 0x0000000710200000, 0x0000000710200000|100%| E|CS|TAMS 0x0000000710000000| PB 0x0000000710000000| Complete |  0
|  85|0x0000000710200000, 0x0000000710400000, 0x0000000710400000|100%| E|CS|TAMS 0x0000000710200000| PB 0x0000000710200000| Complete |  0
|  86|0x0000000710400000, 0x0000000710600000, 0x0000000710600000|100%| E|CS|TAMS 0x0000000710400000| PB 0x0000000710400000| Complete |  0
|  87|0x0000000710600000, 0x0000000710800000, 0x0000000710800000|100%| E|CS|TAMS 0x0000000710600000| PB 0x0000000710600000| Complete |  0
|  88|0x0000000710800000, 0x0000000710a00000, 0x0000000710a00000|100%| E|CS|TAMS 0x0000000710800000| PB 0x0000000710800000| Complete |  0
|  89|0x0000000710a00000, 0x0000000710c00000, 0x0000000710c00000|100%| E|CS|TAMS 0x0000000710a00000| PB 0x0000000710a00000| Complete |  0
|  90|0x0000000710c00000, 0x0000000710e00000, 0x0000000710e00000|100%| E|CS|TAMS 0x0000000710c00000| PB 0x0000000710c00000| Complete |  0
|  91|0x0000000710e00000, 0x0000000711000000, 0x0000000711000000|100%| E|CS|TAMS 0x0000000710e00000| PB 0x0000000710e00000| Complete |  0
|  92|0x0000000711000000, 0x0000000711200000, 0x0000000711200000|100%| E|CS|TAMS 0x0000000711000000| PB 0x0000000711000000| Complete |  0
|  93|0x0000000711200000, 0x0000000711400000, 0x0000000711400000|100%| E|CS|TAMS 0x0000000711200000| PB 0x0000000711200000| Complete |  0
|  94|0x0000000711400000, 0x0000000711600000, 0x0000000711600000|100%| E|CS|TAMS 0x0000000711400000| PB 0x0000000711400000| Complete |  0
|  95|0x0000000711600000, 0x0000000711800000, 0x0000000711800000|100%| E|CS|TAMS 0x0000000711600000| PB 0x0000000711600000| Complete |  0
|  96|0x0000000711800000, 0x0000000711a00000, 0x0000000711a00000|100%| E|CS|TAMS 0x0000000711800000| PB 0x0000000711800000| Complete |  0
|  97|0x0000000711a00000, 0x0000000711c00000, 0x0000000711c00000|100%| E|CS|TAMS 0x0000000711a00000| PB 0x0000000711a00000| Complete |  0
|  98|0x0000000711c00000, 0x0000000711e00000, 0x0000000711e00000|100%| E|CS|TAMS 0x0000000711c00000| PB 0x0000000711c00000| Complete |  0
|  99|0x0000000711e00000, 0x0000000712000000, 0x0000000712000000|100%| E|CS|TAMS 0x0000000711e00000| PB 0x0000000711e00000| Complete |  0
| 100|0x0000000712000000, 0x0000000712200000, 0x0000000712200000|100%| E|CS|TAMS 0x0000000712000000| PB 0x0000000712000000| Complete |  0
| 101|0x0000000712200000, 0x0000000712400000, 0x0000000712400000|100%| E|CS|TAMS 0x0000000712200000| PB 0x0000000712200000| Complete |  0
| 102|0x0000000712400000, 0x0000000712600000, 0x0000000712600000|100%| E|CS|TAMS 0x0000000712400000| PB 0x0000000712400000| Complete |  0
| 103|0x0000000712600000, 0x0000000712800000, 0x0000000712800000|100%| E|CS|TAMS 0x0000000712600000| PB 0x0000000712600000| Complete |  0
| 104|0x0000000712800000, 0x0000000712a00000, 0x0000000712a00000|100%| E|CS|TAMS 0x0000000712800000| PB 0x0000000712800000| Complete |  0
| 105|0x0000000712a00000, 0x0000000712c00000, 0x0000000712c00000|100%| E|CS|TAMS 0x0000000712a00000| PB 0x0000000712a00000| Complete |  0
| 106|0x0000000712c00000, 0x0000000712e00000, 0x0000000712e00000|100%| E|CS|TAMS 0x0000000712c00000| PB 0x0000000712c00000| Complete |  0
| 107|0x0000000712e00000, 0x0000000713000000, 0x0000000713000000|100%| E|CS|TAMS 0x0000000712e00000| PB 0x0000000712e00000| Complete |  0
| 108|0x0000000713000000, 0x0000000713200000, 0x0000000713200000|100%| E|CS|TAMS 0x0000000713000000| PB 0x0000000713000000| Complete |  0
| 109|0x0000000713200000, 0x0000000713400000, 0x0000000713400000|100%| E|CS|TAMS 0x0000000713200000| PB 0x0000000713200000| Complete |  0
| 110|0x0000000713400000, 0x0000000713600000, 0x0000000713600000|100%| E|CS|TAMS 0x0000000713400000| PB 0x0000000713400000| Complete |  0
| 111|0x0000000713600000, 0x0000000713800000, 0x0000000713800000|100%| E|CS|TAMS 0x0000000713600000| PB 0x0000000713600000| Complete |  0
| 112|0x0000000713800000, 0x0000000713a00000, 0x0000000713a00000|100%| E|CS|TAMS 0x0000000713800000| PB 0x0000000713800000| Complete |  0
| 113|0x0000000713a00000, 0x0000000713c00000, 0x0000000713c00000|100%| E|CS|TAMS 0x0000000713a00000| PB 0x0000000713a00000| Complete |  0
| 114|0x0000000713c00000, 0x0000000713e00000, 0x0000000713e00000|100%| E|CS|TAMS 0x0000000713c00000| PB 0x0000000713c00000| Complete |  0
| 115|0x0000000713e00000, 0x0000000714000000, 0x0000000714000000|100%| E|CS|TAMS 0x0000000713e00000| PB 0x0000000713e00000| Complete |  0
| 116|0x0000000714000000, 0x0000000714200000, 0x0000000714200000|100%| E|CS|TAMS 0x0000000714000000| PB 0x0000000714000000| Complete |  0
| 117|0x0000000714200000, 0x0000000714400000, 0x0000000714400000|100%| E|CS|TAMS 0x0000000714200000| PB 0x0000000714200000| Complete |  0
| 118|0x0000000714400000, 0x0000000714600000, 0x0000000714600000|100%| E|CS|TAMS 0x0000000714400000| PB 0x0000000714400000| Complete |  0
| 119|0x0000000714600000, 0x0000000714800000, 0x0000000714800000|100%| E|CS|TAMS 0x0000000714600000| PB 0x0000000714600000| Complete |  0
| 120|0x0000000714800000, 0x0000000714a00000, 0x0000000714a00000|100%| E|CS|TAMS 0x0000000714800000| PB 0x0000000714800000| Complete |  0
| 121|0x0000000714a00000, 0x0000000714c00000, 0x0000000714c00000|100%| E|CS|TAMS 0x0000000714a00000| PB 0x0000000714a00000| Complete |  0
| 122|0x0000000714c00000, 0x0000000714e00000, 0x0000000714e00000|100%| E|CS|TAMS 0x0000000714c00000| PB 0x0000000714c00000| Complete |  0
| 123|0x0000000714e00000, 0x0000000715000000, 0x0000000715000000|100%| E|CS|TAMS 0x0000000714e00000| PB 0x0000000714e00000| Complete |  0
| 124|0x0000000715000000, 0x0000000715200000, 0x0000000715200000|100%| E|CS|TAMS 0x0000000715000000| PB 0x0000000715000000| Complete |  0
| 125|0x0000000715200000, 0x0000000715400000, 0x0000000715400000|100%| E|CS|TAMS 0x0000000715200000| PB 0x0000000715200000| Complete |  0
|2003|0x00000007ffe00000, 0x00000007fff256a0, 0x0000000800000000| 57%| O|  |TAMS 0x00000007ffe00000| PB 0x00000007ffe00000| Untracked |  0

Card table byte_map: [0x000001e9fb4d0000,0x000001e9fbcb0000] _byte_map_base: 0x000001e9f7ca4000

Marking Bits: (CMBitMap*) 0x000001e9f0174de0
 Bits: [0x000001e9fbcb0000, 0x000001e9ffb50000)

Polling page: 0x000001e9efe30000

Metaspace:
Metaspace        used 18588K, committed 18816K, reserved 1114112K
 class space     used 1691K, committed 1792K, reserved 1048576K

Usage:
  Non-class:     16.50 MB used.
      Class:      1.65 MB used.
       Both:     18.15 MB used.

Virtual space:
  Non-class space:       64.00 MB reserved,      16.62 MB ( 26%) committed,  1 nodes.
      Class space:        1.00 GB reserved,       1.75 MB ( <1%) committed,  1 nodes.
             Both:        1.06 GB reserved,      18.38 MB (  2%) committed. 

Chunk freelists:
   Non-Class:  14.48 MB
       Class:  14.06 MB
        Both:  28.55 MB

MaxMetaspaceSize: unlimited
CompressedClassSpaceSize: 1.00 GB
Initial GC threshold: 21.00 MB
Current GC threshold: 21.00 MB
CDS: on
 - commit_granule_bytes: 65536.
 - commit_granule_words: 8192.
 - virtual_space_node_default_size: 8388608.
 - enlarge_chunks_in_place: 1.
UseCompressedClassPointers 1, UseCompactObjectHeaders 0
Narrow klass pointer bits 32, Max shift 3
Narrow klass base: 0x0000000012000000, Narrow klass shift: 0
Encoding Range: [0x0000000012000000 - 0x0000000112000000), (4294967296 bytes)
Klass Range:    [0x0000000012010000 - 0x0000000053000000), (1090453504 bytes)
Klass ID Range:  [65536 - 1090519033) (1090453497)
Protection zone: [0x0000000012000000 - 0x0000000012010000), (65536 bytes)


Internal statistics:

num_allocs_failed_limit: 0.
num_arena_births: 150.
num_arena_deaths: 0.
num_vsnodes_births: 2.
num_vsnodes_deaths: 0.
num_space_committed: 294.
num_space_uncommitted: 0.
num_chunks_returned_to_freelist: 0.
num_chunks_taken_from_freelist: 815.
num_chunk_merges: 0.
num_chunk_splits: 557.
num_chunks_enlarged: 451.
num_inconsistent_stats: 0.

CodeHeap 'non-profiled nmethods': size=120064Kb used=2262Kb max_used=2262Kb free=117802Kb
 bounds [0x000001e987ac0000, 0x000001e987d30000, 0x000001e98f000000]
CodeHeap 'profiled nmethods': size=120000Kb used=10648Kb max_used=10648Kb free=109352Kb
 bounds [0x000001e980000000, 0x000001e980a70000, 0x000001e987530000]
CodeHeap 'non-nmethods': size=5696Kb used=1406Kb max_used=1533Kb free=4289Kb
 bounds [0x000001e987530000, 0x000001e9877a0000, 0x000001e987ac0000]
CodeCache: size=245760Kb, used=14316Kb, max_used=14443Kb, free=231443Kb
 total_blobs=6629, nmethods=6096, adapters=436, full_count=0
Compilation: enabled, stopped_count=0, restarted_count=0

Compilation events (20 events):
Event: 12.358 Thread 0x000001e9918a20a0 nmethod 6101 0x000001e980a63b88 code [0x000001e980a63c80, 0x000001e980a640c0]
Event: 12.358 Thread 0x000001e9918a20a0 6102       3       sun.net.www.protocol.jar.JarURLConnection::setUseCaches (9 bytes)
Event: 12.358 Thread 0x000001e9918a20a0 nmethod 6102 0x000001e980a64108 code [0x000001e980a64200, 0x000001e980a643d0]
Event: 12.358 Thread 0x000001e9918a20a0 6103       3       sun.net.www.protocol.jar.URLJarFile::close (22 bytes)
Event: 12.359 Thread 0x000001e9918a20a0 nmethod 6103 0x000001e980a64408 code [0x000001e980a64500, 0x000001e980a64708]
Event: 12.359 Thread 0x000001e9918a20a0 6104   !   3       sun.net.www.protocol.jar.JarFileFactory::close (46 bytes)
Event: 12.360 Thread 0x000001e991c50890 nmethod 6094 0x000001e987cf3c08 code [0x000001e987cf3d00, 0x000001e987cf4198]
Event: 12.360 Thread 0x000001e991c50890 6096       4       java.util.jar.Attributes$Name::hash (148 bytes)
Event: 12.360 Thread 0x000001e9918a20a0 nmethod 6104 0x000001e980a64788 code [0x000001e980a64880, 0x000001e980a64dd8]
Event: 12.370 Thread 0x000001e991c50890 nmethod 6096 0x000001e987cf4208 code [0x000001e987cf4300, 0x000001e987cf4600]
Event: 12.370 Thread 0x000001e991c50890 6100       4       java.io.WinNTFileSystem::prefixLength (114 bytes)
Event: 12.382 Thread 0x000001e991c50890 nmethod 6100 0x000001e987cf4688 code [0x000001e987cf4780, 0x000001e987cf4b30]
Event: 12.404 Thread 0x000001e991c50890 6105       4       java.util.HashMap::putIfAbsent (13 bytes)
Event: 12.436 Thread 0x000001e991c50890 nmethod 6105 0x000001e987cf4b88 code [0x000001e987cf4c80, 0x000001e987cf57a8]
Event: 12.563 Thread 0x000001e9918a20a0 6106       3       java.io.RandomAccessFile::open (7 bytes)
Event: 12.563 Thread 0x000001e9918a20a0 nmethod 6106 0x000001e980a64e08 code [0x000001e980a64f00, 0x000001e980a65030]
Event: 12.618 Thread 0x000001e9918a20a0 6108       3       org.eclipse.sisu.wire.DependencyAnalyzer::analyzeDependencies (76 bytes)
Event: 12.620 Thread 0x000001e9918a20a0 nmethod 6108 0x000001e980a65108 code [0x000001e980a65200, 0x000001e980a65c80]
Event: 12.624 Thread 0x000001e9918a20a0 6109       3       org.eclipse.sisu.inject.Guice4::getProviderInstance (22 bytes)
Event: 12.625 Thread 0x000001e9918a20a0 nmethod 6109 0x000001e980a65d08 code [0x000001e980a65e00, 0x000001e980a65fe0]

GC Heap Usage History (4 events):
Event: 3.175 {heap Before GC invocations=0 (full 0):
 garbage-first heap   total reserved 4104192K, committed 260096K, used 50325K [0x0000000705800000, 0x0000000800000000)
  region size 2048K, 24 young (49152K), 0 survivors (0K)
}
Event: 3.185 {heap After GC invocations=1 (full 0):
 garbage-first heap   total reserved 4104192K, committed 260096K, used 5269K [0x0000000705800000, 0x0000000800000000)
  region size 2048K, 2 young (4096K), 2 survivors (4096K)
}
Event: 7.658 {heap Before GC invocations=1 (full 0):
 garbage-first heap   total reserved 4104192K, committed 260096K, used 117909K [0x0000000705800000, 0x0000000800000000)
  region size 2048K, 57 young (116736K), 2 survivors (4096K)
}
Event: 7.688 {heap After GC invocations=2 (full 0):
 garbage-first heap   total reserved 4104192K, committed 260096K, used 15730K [0x0000000705800000, 0x0000000800000000)
  region size 2048K, 8 young (16384K), 8 survivors (16384K)
}

Metaspace Usage History (4 events):
Event: 3.175 {metaspace Before GC invocations=0 (full 0):
 Metaspace       used 8216K, committed 8320K, reserved 1114112K
  class space    used 705K, committed 768K, reserved 1048576K
}
Event: 3.185 {metaspace After GC invocations=1 (full 0):
 Metaspace       used 8216K, committed 8320K, reserved 1114112K
  class space    used 705K, committed 768K, reserved 1048576K
}
Event: 7.658 {metaspace Before GC invocations=1 (full 0):
 Metaspace       used 16000K, committed 16256K, reserved 1114112K
  class space    used 1486K, committed 1600K, reserved 1048576K
}
Event: 7.688 {metaspace After GC invocations=2 (full 0):
 Metaspace       used 16000K, committed 16256K, reserved 1114112K
  class space    used 1486K, committed 1600K, reserved 1048576K
}

Dll operation events (7 events):
Event: 0.036 Loaded shared library C:\Program Files\Java\jdk-25\bin\java.dll
Event: 0.156 Loaded shared library C:\Program Files\Java\jdk-25\bin\net.dll
Event: 0.165 Loaded shared library C:\Program Files\Java\jdk-25\bin\nio.dll
Event: 0.176 Loaded shared library C:\Program Files\Java\jdk-25\bin\zip.dll
Event: 0.715 Loaded shared library C:\Program Files\Java\jdk-25\bin\jimage.dll
Event: 0.719 Loaded shared library C:\Users\panja\.m2\wrapper\dists\apache-maven-3.9.16\0daed3be3ebd1c706f0e69e8b07c6b73f5cc4ea3dfce72a8d0ec2e849ca2ddb0\lib\jansi-native\Windows\x86_64\jansi.dll
Event: 0.751 Loaded shared library C:\Program Files\Java\jdk-25\bin\verify.dll

Deoptimization events (20 events):
Event: 9.896 Thread 0x000001e9f0111010 DEOPT PACKING pc=0x000001e987cab264 sp=0x00000032663fd6e0
Event: 9.896 Thread 0x000001e9f0111010 DEOPT UNPACKING pc=0x000001e987650402 sp=0x00000032663fd670 mode 2
Event: 9.931 Thread 0x000001e9f0111010 Uncommon trap: trap_request=0xffffff45 fr.pc=0x000001e987caade8 relative=0x00000000000001e8
Event: 9.931 Thread 0x000001e9f0111010 Uncommon trap: reason=unstable_if action=reinterpret pc=0x000001e987caade8 method=sun.nio.fs.NativeBuffers.releaseNativeBuffer(Lsun/nio/fs/NativeBuffer;)V @ 35 c2
Event: 9.931 Thread 0x000001e9f0111010 DEOPT PACKING pc=0x000001e987caade8 sp=0x00000032663fda50
Event: 9.931 Thread 0x000001e9f0111010 DEOPT UNPACKING pc=0x000001e987650402 sp=0x00000032663fd9d8 mode 2
Event: 10.074 Thread 0x000001e9f0111010 Uncommon trap: trap_request=0xffffff45 fr.pc=0x000001e987ccad64 relative=0x0000000000000064
Event: 10.074 Thread 0x000001e9f0111010 Uncommon trap: reason=unstable_if action=reinterpret pc=0x000001e987ccad64 method=java.util.regex.Pattern.inRange(III)Z @ 7 c2
Event: 10.074 Thread 0x000001e9f0111010 DEOPT PACKING pc=0x000001e987ccad64 sp=0x00000032663fc060
Event: 10.074 Thread 0x000001e9f0111010 DEOPT UNPACKING pc=0x000001e987650402 sp=0x00000032663fbf08 mode 2
Event: 10.223 Thread 0x000001e9f0111010 Uncommon trap: trap_request=0xffffffc6 fr.pc=0x000001e987c49818 relative=0x0000000000000518
Event: 10.223 Thread 0x000001e9f0111010 Uncommon trap: reason=bimorphic_or_optimized_type_check action=maybe_recompile pc=0x000001e987c49818 method=java.util.regex.Pattern$Slice.match(Ljava/util/regex/Matcher;ILjava/lang/CharSequence;)Z @ 75 c2
Event: 10.223 Thread 0x000001e9f0111010 DEOPT PACKING pc=0x000001e987c49818 sp=0x00000032663fc730
Event: 10.223 Thread 0x000001e9f0111010 DEOPT UNPACKING pc=0x000001e987650402 sp=0x00000032663fc6b0 mode 2
Event: 10.687 Thread 0x000001e9f0111010 Uncommon trap: trap_request=0xffffff45 fr.pc=0x000001e987c949ac relative=0x0000000000002a8c
Event: 10.687 Thread 0x000001e9f0111010 Uncommon trap: reason=unstable_if action=reinterpret pc=0x000001e987c949ac method=org.codehaus.plexus.interpolation.util.StringUtils.capitalizeFirstLetter(Ljava/lang/String;)Ljava/lang/String; @ 13 c2
Event: 10.687 Thread 0x000001e9f0111010 DEOPT PACKING pc=0x000001e987c949ac sp=0x00000032663fc720
Event: 10.687 Thread 0x000001e9f0111010 DEOPT UNPACKING pc=0x000001e987650402 sp=0x00000032663fc5b8 mode 2
Event: 12.339 Thread 0x000001e9f0111010 DEOPT PACKING pc=0x000001e980270895 sp=0x00000032663fcc30
Event: 12.339 Thread 0x000001e9f0111010 DEOPT UNPACKING pc=0x000001e987581702 sp=0x00000032663fc0f8 mode 0

Classes loaded (20 events):
Event: 9.887 Loading class java/nio/file/Files$AcceptAllFilter
Event: 9.887 Loading class java/nio/file/DirectoryStream$Filter
Event: 9.887 Loading class java/nio/file/DirectoryStream$Filter done
Event: 9.888 Loading class java/nio/file/Files$AcceptAllFilter done
Event: 9.888 Loading class sun/nio/fs/WindowsDirectoryStream
Event: 9.888 Loading class java/nio/file/DirectoryStream
Event: 9.888 Loading class java/nio/file/DirectoryStream done
Event: 9.888 Loading class sun/nio/fs/WindowsDirectoryStream done
Event: 9.888 Loading class java/nio/file/FileTreeWalker$DirectoryNode
Event: 9.888 Loading class java/nio/file/FileTreeWalker$DirectoryNode done
Event: 9.888 Loading class sun/nio/fs/WindowsDirectoryStream$WindowsDirectoryIterator
Event: 9.888 Loading class sun/nio/fs/WindowsDirectoryStream$WindowsDirectoryIterator done
Event: 9.889 Loading class java/nio/file/FileTreeWalker$Event
Event: 9.889 Loading class java/nio/file/FileTreeWalker$Event done
Event: 9.889 Loading class java/nio/file/FileTreeWalker$EventType
Event: 9.889 Loading class java/nio/file/FileTreeWalker$EventType done
Event: 9.893 Loading class sun/nio/fs/WindowsPath$WindowsPathWithAttributes
Event: 9.893 Loading class sun/nio/fs/BasicFileAttributesHolder
Event: 9.893 Loading class sun/nio/fs/BasicFileAttributesHolder done
Event: 9.893 Loading class sun/nio/fs/WindowsPath$WindowsPathWithAttributes done

Classes unloaded (0 events):
No events

Classes redefined (0 events):
No events

Internal exceptions (20 events):
Event: 4.633 Thread 0x000001e9f0111010 Exception <a 'java/lang/NoSuchMethodError'{0x0000000713aab868}: 'java.lang.Object java.lang.invoke.DirectMethodHandle$Holder.invokeStaticInit(java.lang.Object, int, int, int, int)'> (0x0000000713aab868) 
thrown [s\open\src\hotspot\share\interpreter\linkResolver.cpp, line 804]
Event: 4.859 Thread 0x000001e9f0111010 Implicit null exception at 0x000001e987b0df36 to 0x000001e987b0e928
Event: 4.859 Thread 0x000001e9f0111010 Implicit null exception at 0x000001e987b03836 to 0x000001e987b04238
Event: 4.940 Thread 0x000001e9f0111010 Exception <a 'java/lang/NoSuchMethodError'{0x0000000713497b98}: 'void java.lang.invoke.DirectMethodHandle$Holder.invokeSpecial(java.lang.Object, java.lang.Object, java.lang.Object, java.lang.Object, java.lang.Object)'> (0x0000000713497b98) 
thrown [s\open\src\hotspot\share\interpreter\linkResolver.cpp, line 804]
Event: 4.946 Thread 0x000001e9f0111010 Exception <a 'java/lang/NoSuchMethodError'{0x00000007134cfc70}: 'void java.lang.invoke.DirectMethodHandle$Holder.invokeSpecial(java.lang.Object, java.lang.Object, java.lang.Object, java.lang.Object, java.lang.Object, java.lang.Object)'> (0x00000007134cfc70) 
thrown [s\open\src\hotspot\share\interpreter\linkResolver.cpp, line 804]
Event: 4.977 Thread 0x000001e9f0111010 Exception <a 'java/lang/NoSuchMethodError'{0x0000000713229388}: 'java.lang.Object java.lang.invoke.DirectMethodHandle$Holder.invokeVirtual(java.lang.Object, java.lang.Object, java.lang.Object)'> (0x0000000713229388) 
thrown [s\open\src\hotspot\share\interpreter\linkResolver.cpp, line 804]
Event: 5.095 Thread 0x000001e9f0111010 Exception <a 'java/lang/NoSuchMethodError'{0x0000000713083578}: 'void java.lang.invoke.DirectMethodHandle$Holder.invokeVirtual(java.lang.Object, java.lang.Object, int)'> (0x0000000713083578) 
thrown [s\open\src\hotspot\share\interpreter\linkResolver.cpp, line 804]
Event: 5.103 Thread 0x000001e9f0111010 Exception <a 'java/lang/NoSuchMethodError'{0x000000071309c3a0}: 'java.lang.Object java.lang.invoke.DirectMethodHandle$Holder.invokeStatic(java.lang.Object, java.lang.Object, java.lang.Object, java.lang.Object, int)'> (0x000000071309c3a0) 
thrown [s\open\src\hotspot\share\interpreter\linkResolver.cpp, line 804]
Event: 5.105 Thread 0x000001e9f0111010 Exception <a 'java/lang/NoSuchMethodError'{0x00000007130adad0}: 'void java.lang.invoke.DirectMethodHandle$Holder.invokeSpecial(java.lang.Object, java.lang.Object, java.lang.Object, int)'> (0x00000007130adad0) 
thrown [s\open\src\hotspot\share\interpreter\linkResolver.cpp, line 804]
Event: 5.106 Thread 0x000001e9f0111010 Exception <a 'java/lang/NoSuchMethodError'{0x00000007130b5e68}: 'void java.lang.invoke.DelegatingMethodHandle$Holder.reinvoke_L(java.lang.Object, java.lang.Object, int)'> (0x00000007130b5e68) 
thrown [s\open\src\hotspot\share\interpreter\linkResolver.cpp, line 804]
Event: 6.045 Thread 0x000001e9f0111010 Implicit null exception at 0x000001e987bc431b to 0x000001e987bc4ee8
Event: 6.045 Thread 0x000001e9f0111010 Implicit null exception at 0x000001e987bb9a4d to 0x000001e987bb9c5c
Event: 6.045 Thread 0x000001e9f0111010 Implicit null exception at 0x000001e987babe39 to 0x000001e987bac4a0
Event: 6.048 Thread 0x000001e9f0111010 Exception <a 'java/lang/NoSuchMethodError'{0x00000007112d9f70}: 'void java.lang.invoke.DirectMethodHandle$Holder.invokeStatic(java.lang.Object, java.lang.Object, java.lang.Object, java.lang.Object)'> (0x00000007112d9f70) 
thrown [s\open\src\hotspot\share\interpreter\linkResolver.cpp, line 804]
Event: 6.063 Thread 0x000001e9f0111010 Exception <a 'java/lang/NoSuchMethodError'{0x0000000711372e50}: 'int java.lang.invoke.DirectMethodHandle$Holder.invokeSpecialIFC(java.lang.Object, java.lang.Object, java.lang.Object, java.lang.Object)'> (0x0000000711372e50) 
thrown [s\open\src\hotspot\share\interpreter\linkResolver.cpp, line 804]
Event: 8.228 Thread 0x000001e9f0111010 Implicit null exception at 0x000001e987b61f9d to 0x000001e987b62015
Event: 8.662 Thread 0x000001e9f0111010 Exception <a 'java/lang/NoSuchMethodError'{0x0000000713b8a330}: 'java.lang.Object java.lang.invoke.DirectMethodHandle$Holder.newInvokeSpecial(java.lang.Object, java.lang.Object, java.lang.Object, java.lang.Object, java.lang.Object, java.lang.Object, java.lang.Object)'> (0x0000000713b8a330) 
thrown [s\open\src\hotspot\share\interpreter\linkResolver.cpp, line 804]
Event: 9.013 Thread 0x000001e9f0111010 Implicit null exception at 0x000001e987c6b5b5 to 0x000001e987c6ba70
Event: 9.032 Thread 0x000001e9f0111010 Exception <a 'java/lang/NoSuchMethodError'{0x00000007130e2850}: 'int java.lang.invoke.DirectMethodHandle$Holder.invokeVirtual(java.lang.Object, java.lang.Object)'> (0x00000007130e2850) 
thrown [s\open\src\hotspot\share\interpreter\linkResolver.cpp, line 804]
Event: 9.103 Thread 0x000001e9f0111010 Exception <a 'java/lang/NoSuchMethodError'{0x0000000712e42900}: 'void java.lang.invoke.Invokers$Holder.invokeExact_MT(java.lang.Object, java.lang.Object, int, java.lang.Object)'> (0x0000000712e42900) 
thrown [s\open\src\hotspot\share\interpreter\linkResolver.cpp, line 804]

VM Operations (20 events):
Event: 4.390 Executing non-safepoint VM operation: HandshakeAllThreads (Deoptimize)
Event: 4.390 Executing non-safepoint VM operation: HandshakeAllThreads (Deoptimize) done
Event: 4.567 Executing non-safepoint VM operation: HandshakeAllThreads (Deoptimize)
Event: 4.567 Executing non-safepoint VM operation: HandshakeAllThreads (Deoptimize) done
Event: 4.604 Executing non-safepoint VM operation: HandshakeAllThreads (Deoptimize)
Event: 4.604 Executing non-safepoint VM operation: HandshakeAllThreads (Deoptimize) done
Event: 4.669 Executing non-safepoint VM operation: HandshakeAllThreads (Deoptimize)
Event: 4.669 Executing non-safepoint VM operation: HandshakeAllThreads (Deoptimize) done
Event: 4.711 Executing non-safepoint VM operation: HandshakeAllThreads (Deoptimize)
Event: 4.711 Executing non-safepoint VM operation: HandshakeAllThreads (Deoptimize) done
Event: 4.784 Executing non-safepoint VM operation: HandshakeAllThreads (Deoptimize)
Event: 4.784 Executing non-safepoint VM operation: HandshakeAllThreads (Deoptimize) done
Event: 4.786 Executing non-safepoint VM operation: HandshakeAllThreads (Deoptimize)
Event: 4.786 Executing non-safepoint VM operation: HandshakeAllThreads (Deoptimize) done
Event: 7.658 Executing safepoint VM operation: G1CollectForAllocation (G1 Evacuation Pause)
Event: 7.688 Executing safepoint VM operation: G1CollectForAllocation (G1 Evacuation Pause) done
Event: 9.101 Executing non-safepoint VM operation: HandshakeAllThreads (Deoptimize)
Event: 9.101 Executing non-safepoint VM operation: HandshakeAllThreads (Deoptimize) done
Event: 9.895 Executing non-safepoint VM operation: HandshakeAllThreads (Deoptimize)
Event: 9.895 Executing non-safepoint VM operation: HandshakeAllThreads (Deoptimize) done

Memory protections (0 events):
No events

Nmethod flushes (0 events):
No events

Events (20 events):
Event: 0.114 Thread 0x000001e9f0111010 Thread added: 0x000001e9918a20a0
Event: 0.140 Thread 0x000001e9f0111010 Thread added: 0x000001e9ffdd4110
Event: 0.146 Thread 0x000001e9f0111010 Thread added: 0x000001e9ffdd5880
Event: 0.708 Thread 0x000001e9f0111010 Thread added: 0x000001e9ffdd21d0
Event: 0.734 Thread 0x000001e9ffdd21d0 Thread exited: 0x000001e9ffdd21d0
Event: 1.039 Thread 0x000001e9918a20a0 Thread added: 0x000001e9963b3930
Event: 1.587 Thread 0x000001e9963b3930 Thread exited: 0x000001e9963b3930
Event: 1.999 Thread 0x000001e9918a20a0 Thread added: 0x000001e9963b5160
Event: 2.041 Thread 0x000001e9ffddd9b0 Thread added: 0x000001e9963b2100
Event: 3.072 Thread 0x000001e9963b2100 Thread exited: 0x000001e9963b2100
Event: 3.103 Thread 0x000001e9963b5160 Thread exited: 0x000001e9963b5160
Event: 4.551 Thread 0x000001e9918a20a0 Thread added: 0x000001e9963b71a0
Event: 4.709 Thread 0x000001e9f0111010 Thread added: 0x000001e996f60010
Event: 6.349 Thread 0x000001e9918a20a0 Thread added: 0x000001e991c4f060
Event: 8.119 Thread 0x000001e991c4f060 Thread exited: 0x000001e991c4f060
Event: 8.242 Thread 0x000001e9918a20a0 Thread added: 0x000001e991c528d0
Event: 8.687 Thread 0x000001e991c528d0 Thread exited: 0x000001e991c528d0
Event: 10.444 Thread 0x000001e9963b71a0 Thread exited: 0x000001e9963b71a0
Event: 12.264 Thread 0x000001e9918a20a0 Thread added: 0x000001e991c50890
Event: 12.563 Thread 0x000001e991c50890 Thread exited: 0x000001e991c50890


Dynamic libraries:
0x00007ff748310000 - 0x00007ff748320000 	C:\Program Files\Java\jdk-25\bin\java.exe
0x00007ffdd3ac0000 - 0x00007ffdd3d26000 	C:\WINDOWS\SYSTEM32\ntdll.dll
0x00007ffdd2f40000 - 0x00007ffdd3009000 	C:\WINDOWS\System32\KERNEL32.DLL
0x00007ffdd0fd0000 - 0x00007ffdd13cf000 	C:\WINDOWS\System32\KERNELBASE.dll
0x00007ffdd13e0000 - 0x00007ffdd152c000 	C:\WINDOWS\System32\ucrtbase.dll
0x00007ffdbe170000 - 0x00007ffdbe18e000 	C:\Program Files\Java\jdk-25\bin\VCRUNTIME140.dll
0x00007ffdbe150000 - 0x00007ffdbe167000 	C:\Program Files\Java\jdk-25\bin\jli.dll
0x00007ffdd2b10000 - 0x00007ffdd2cd6000 	C:\WINDOWS\System32\USER32.dll
0x00007ffdd17c0000 - 0x00007ffdd17e7000 	C:\WINDOWS\System32\win32u.dll
0x00007ffdd26f0000 - 0x00007ffdd271b000 	C:\WINDOWS\System32\GDI32.dll
0x00007ffdab700000 - 0x00007ffdab991000 	C:\WINDOWS\WinSxS\amd64_microsoft.windows.common-controls_6595b64144ccf1df_6.0.26100.8972_none_3e0da176e32f9d4b\COMCTL32.dll
0x00007ffdd15d0000 - 0x00007ffdd16f9000 	C:\WINDOWS\System32\gdi32full.dll
0x00007ffdd2840000 - 0x00007ffdd28e9000 	C:\WINDOWS\System32\msvcrt.dll
0x00007ffdd0e60000 - 0x00007ffdd0f03000 	C:\WINDOWS\System32\msvcp_win.dll
0x00007ffdd2800000 - 0x00007ffdd2832000 	C:\WINDOWS\System32\IMM32.DLL
0x00007ffdc8ed0000 - 0x00007ffdc8edc000 	C:\Program Files\Java\jdk-25\bin\vcruntime140_1.dll
0x00007ffdad860000 - 0x00007ffdad8ed000 	C:\Program Files\Java\jdk-25\bin\msvcp140.dll
0x00007ffd29710000 - 0x00007ffd2a56f000 	C:\Program Files\Java\jdk-25\bin\server\jvm.dll
0x00007ffdd2a40000 - 0x00007ffdd2afc000 	C:\WINDOWS\System32\ADVAPI32.dll
0x00007ffdd2990000 - 0x00007ffdd2a3a000 	C:\WINDOWS\System32\sechost.dll
0x00007ffdd19f0000 - 0x00007ffdd1b08000 	C:\WINDOWS\System32\RPCRT4.dll
0x00007ffdd2900000 - 0x00007ffdd2982000 	C:\WINDOWS\System32\WS2_32.dll
0x00007ffdd0480000 - 0x00007ffdd04de000 	C:\WINDOWS\SYSTEM32\POWRPROF.dll
0x00007ffdc5f10000 - 0x00007ffdc5f1b000 	C:\WINDOWS\SYSTEM32\VERSION.dll
0x00007ffdba890000 - 0x00007ffdba8c6000 	C:\WINDOWS\SYSTEM32\WINMM.dll
0x00007ffdd0460000 - 0x00007ffdd0475000 	C:\WINDOWS\SYSTEM32\UMPDC.dll
0x00007ffdcf9c0000 - 0x00007ffdcf9db000 	C:\WINDOWS\SYSTEM32\kernel.appcore.dll
0x00007ffdc8cf0000 - 0x00007ffdc8cfa000 	C:\Program Files\Java\jdk-25\bin\jimage.dll
0x00007ffdce410000 - 0x00007ffdce652000 	C:\WINDOWS\SYSTEM32\DBGHELP.DLL
0x00007ffdd1b10000 - 0x00007ffdd1e95000 	C:\WINDOWS\System32\combase.dll
0x00007ffdd2720000 - 0x00007ffdd27f9000 	C:\WINDOWS\System32\OLEAUT32.dll
0x00007ffda6ad0000 - 0x00007ffda6b0b000 	C:\WINDOWS\SYSTEM32\dbgcore.DLL
0x00007ffdd0f10000 - 0x00007ffdd0fbc000 	C:\WINDOWS\System32\bcryptPrimitives.dll
0x00007ffdade70000 - 0x00007ffdade8f000 	C:\Program Files\Java\jdk-25\bin\java.dll
0x00007ffdd2da0000 - 0x00007ffdd2f39000 	C:\WINDOWS\System32\ole32.dll
0x00007ffdd1f10000 - 0x00007ffdd2698000 	C:\WINDOWS\System32\SHELL32.dll
0x00007ffdce760000 - 0x00007ffdceffb000 	C:\WINDOWS\SYSTEM32\windows.storage.dll
0x00007ffdd3980000 - 0x00007ffdd3a79000 	C:\WINDOWS\System32\SHCORE.dll
0x00007ffdd1ea0000 - 0x00007ffdd1f06000 	C:\WINDOWS\System32\shlwapi.dll
0x00007ffdd0bf0000 - 0x00007ffdd0c19000 	C:\WINDOWS\SYSTEM32\profapi.dll
0x00007ffdad9e0000 - 0x00007ffdad9f2000 	C:\Program Files\Java\jdk-25\bin\net.dll
0x00007ffdcff70000 - 0x00007ffdcffdc000 	C:\WINDOWS\system32\mswsock.dll
0x00007ffdad9c0000 - 0x00007ffdad9d6000 	C:\Program Files\Java\jdk-25\bin\nio.dll
0x00007ffdad9a0000 - 0x00007ffdad9b7000 	C:\Program Files\Java\jdk-25\bin\zip.dll
0x00007ffdad830000 - 0x00007ffdad854000 	C:\Users\panja\.m2\wrapper\dists\apache-maven-3.9.16\0daed3be3ebd1c706f0e69e8b07c6b73f5cc4ea3dfce72a8d0ec2e849ca2ddb0\lib\jansi-native\Windows\x86_64\jansi.dll
0x00007ffdbf170000 - 0x00007ffdbf180000 	C:\Program Files\Java\jdk-25\bin\verify.dll

JVMTI agents: none

dbghelp: loaded successfully - version: 4.0.5 - missing functions: none
symbol engine: initialized successfully - sym options: 0x614 - pdb path: .;C:\Program Files\Java\jdk-25\bin;C:\WINDOWS\SYSTEM32;C:\WINDOWS\WinSxS\amd64_microsoft.windows.common-controls_6595b64144ccf1df_6.0.26100.8972_none_3e0da176e32f9d4b;C:\Program Files\Java\jdk-25\bin\server;C:\Users\panja\.m2\wrapper\dists\apache-maven-3.9.16\0daed3be3ebd1c706f0e69e8b07c6b73f5cc4ea3dfce72a8d0ec2e849ca2ddb0\lib\jansi-native\Windows\x86_64

VM Arguments:
jvm_args: --enable-native-access=ALL-UNNAMED -Dclassworlds.conf=C:\Users\panja\.m2\wrapper\dists\apache-maven-3.9.16\0daed3be3ebd1c706f0e69e8b07c6b73f5cc4ea3dfce72a8d0ec2e849ca2ddb0\bin\m2.conf -Dmaven.home=C:\Users\panja\.m2\wrapper\dists\apache-maven-3.9.16\0daed3be3ebd1c706f0e69e8b07c6b73f5cc4ea3dfce72a8d0ec2e849ca2ddb0 -Dlibrary.jansi.path=C:\Users\panja\.m2\wrapper\dists\apache-maven-3.9.16\0daed3be3ebd1c706f0e69e8b07c6b73f5cc4ea3dfce72a8d0ec2e849ca2ddb0\lib\jansi-native -Dmaven.multiModuleProjectDirectory=C:\Users\panja\OneDrive\Desktop\Procurement-System\backend 
java_command: org.codehaus.plexus.classworlds.launcher.Launcher spring-boot:run
java_class_path (initial): C:\Users\panja\.m2\wrapper\dists\apache-maven-3.9.16\0daed3be3ebd1c706f0e69e8b07c6b73f5cc4ea3dfce72a8d0ec2e849ca2ddb0\boot\plexus-classworlds-2.11.0.jar
Launcher Type: SUN_STANDARD

[Global flags]
     intx CICompilerCount                          = 4                                         {product} {ergonomic}
     uint ConcGCThreads                            = 3                                         {product} {ergonomic}
     uint G1ConcRefinementThreads                  = 10                                        {product} {ergonomic}
   size_t G1HeapRegionSize                         = 2097152                                   {product} {ergonomic}
   size_t InitialHeapSize                          = 264241152                                 {product} {ergonomic}
   size_t MarkStackSize                            = 4194304                                   {product} {ergonomic}
   size_t MarkStackSizeMax                         = 536870912                                 {product} {ergonomic}
   size_t MaxHeapSize                              = 4202692608                                {product} {ergonomic}
   size_t MaxNewSize                               = 2520776704                                {product} {ergonomic}
   size_t MinHeapDeltaBytes                        = 2097152                                   {product} {ergonomic}
   size_t MinHeapSize                              = 8388608                                   {product} {ergonomic}
    uintx NonNMethodCodeHeapSize                   = 5832704                                {pd product} {ergonomic}
    uintx NonProfiledCodeHeapSize                  = 122945536                              {pd product} {ergonomic}
    uintx ProfiledCodeHeapSize                     = 122880000                              {pd product} {ergonomic}
    uintx ReservedCodeCacheSize                    = 251658240                              {pd product} {ergonomic}
     bool SegmentedCodeCache                       = true                                      {product} {ergonomic}
   size_t SoftMaxHeapSize                          = 4202692608                             {manageable} {ergonomic}
     bool UseCompressedOops                        = true                           {product lp64_product} {ergonomic}
     bool UseG1GC                                  = true                                      {product} {ergonomic}
     bool UseLargePagesIndividualAllocation        = false                                  {pd product} {ergonomic}

Logging:
Log output configuration:
 #0: stdout all=warning uptime,level,tags foldmultilines=false
 #1: stderr all=off uptime,level,tags foldmultilines=false

Release file:
IMPLEMENTOR="Oracle Corporation" 
JAVA_RUNTIME_VERSION="25.0.1+8-LTS-27" 
JAVA_VERSION="25.0.1" 
JAVA_VERSION_DATE="2025-10-21" 
LIBC="default" 
MODULES="java.base java.compiler java.datatransfer java.xml java.prefs java.desktop java.instrument java.logging java.management java.security.sasl java.naming java.rmi java.management.rmi java.net.http java.scripting java.security.jgss java.transaction.xa java.sql java.sql.rowset java.xml.crypto java.se java.smartcardio jdk.accessibility jdk.internal.jvmstat jdk.attach jdk.charsets jdk.internal.opt jdk.zipfs jdk.compiler jdk.crypto.cryptoki jdk.crypto.ec jdk.crypto.mscapi jdk.dynalink jdk.internal.ed jdk.editpad jdk.internal.vm.ci jdk.graal.compiler jdk.graal.compiler.management jdk.hotspot.agent jdk.httpserver jdk.incubator.vector jdk.internal.le jdk.internal.md jdk.jartool jdk.javadoc jdk.jcmd jdk.management jdk.management.agent jdk.jconsole jdk.jdeps jdk.jdwp.agent jdk.jdi jdk.jfr jdk.jlink jdk.jpackage jdk.jshell jdk.jsobject jdk.jstatd jdk.localedata jdk.management.jfr jdk.naming.dns jdk.naming.rmi jdk.net jdk.nio.mapmode jdk.sctp jdk.security.auth jdk.security.jgss jdk.unsupported jdk.unsupported.desktop jdk.xml.dom" 
OS_ARCH="x86_64" 
OS_NAME="Windows" 
SOURCE=".:git:862c85bc42b7 open:git:78770bfaefd2" 

Environment Variables:
PATH=C:/Users/panja/.gemini/antigravity-ide/bin;C:\Program Files\Common Files\Oracle\Java\javapath;C:\windows\system32;C:\windows;C:\windows\System32\Wbem;C:\windows\System32\WindowsPowerShell\v1.0\;C:\windows\System32\OpenSSH\;C:\Program Files (x86)\NVIDIA Corporation\PhysX\Common;C:\Program Files\NVIDIA Corporation\NVIDIA NvDLISR;C:\Users\Administrator\AppData\Local\Microsoft\WindowsApps;C:\Program Files\HP\OMEN-Broadcast\Common;C:\Program Files (x86)\Windows Kits\10\Windows Performance Toolkit\;C:\Program Files\dotnet\;C:\WINDOWS\system32;C:\WINDOWS;C:\WINDOWS\System32\Wbem;C:\WINDOWS\System32\WindowsPowerShell\v1.0\;C:\WINDOWS\System32\OpenSSH\;C:\MinGW\bin;C:\Program Files\nodejs\;C:\Program Files\Java\jdk-25\bin;C:\Program Files\MongoDB\Server\8.2\bin;C:\Program Files\Git\cmd;C:\Users\panja\AppData\Local\Programs\Python\Python312\Scripts\;C:\Users\panja\AppData\Local\Programs\Python\Python312\;C:\Users\panja\AppData\Local\Microsoft\WindowsApps;C:\Users\panja\AppData\Local\Programs\Microsoft VS Code\bin;C:\Users\panja\AppData\Roaming\npm;C:\Users\panja\AppData\Local\Programs\Antigravity\bin;C:\Users\panja\AppData\Local\Programs\mongosh\;C:\Users\panja\AppData\Local\Programs\Antigravity IDE\bin
USERNAME=panja
OS=Windows_NT
PROCESSOR_IDENTIFIER=Intel64 Family 6 Model 186 Stepping 2, GenuineIntel
TMP=C:\Users\panja\AppData\Local\Temp
TEMP=C:\Users\panja\AppData\Local\Temp




Compilation memory statistics disabled.

Periodic native trim disabled

---------------  S Y S T E M  ---------------

OS:
 Windows 11 , 64 bit Build 26100 (10.0.26100.9168)
OS uptime: 1 days 13:38 hours
Hyper-V role detected

CPU: total 12 (initial active 12) (6 cores per cpu, 2 threads per core) family 6 model 186 stepping 2 microcode 0x4122, cx8, cmov, fxsr, ht, mmx, 3dnowpref, sse, sse2, sse3, ssse3, sse4.1, sse4.2, popcnt, lzcnt, tsc, tscinvbit, avx, avx2, aes, erms, clmul, bmi1, bmi2, adx, sha, fma, vzeroupper, clflush, clflushopt, clwb, hv, serialize, rdtscp, rdpid, fsrm, gfni, f16c, cet_ibt, cet_ss
Processor Information for processor 0
  Max Mhz: 2100, Current Mhz: 1453, Mhz Limit: 2100
Processor Information for processor 1
  Max Mhz: 2100, Current Mhz: 1453, Mhz Limit: 2100
Processor Information for processor 2
  Max Mhz: 2100, Current Mhz: 1453, Mhz Limit: 2100
Processor Information for processor 3
  Max Mhz: 2100, Current Mhz: 1453, Mhz Limit: 2100
Processor Information for processor 4
  Max Mhz: 2100, Current Mhz: 1453, Mhz Limit: 2100
Processor Information for processor 5
  Max Mhz: 2100, Current Mhz: 1453, Mhz Limit: 2100
Processor Information for processor 6
  Max Mhz: 2100, Current Mhz: 1453, Mhz Limit: 2100
Processor Information for processor 7
  Max Mhz: 2100, Current Mhz: 1453, Mhz Limit: 2100
Processor Information for processor 8
  Max Mhz: 2100, Current Mhz: 1540, Mhz Limit: 2100
Processor Information for processor 9
  Max Mhz: 2100, Current Mhz: 1540, Mhz Limit: 2100
Processor Information for processor 10
  Max Mhz: 2100, Current Mhz: 1540, Mhz Limit: 2100
Processor Information for processor 11
  Max Mhz: 2100, Current Mhz: 1540, Mhz Limit: 2100

Memory: 4k page, system-wide physical 16024M (827M free)
TotalPageFile size 28269M (AvailPageFile size 0M)
current process WorkingSet (physical memory assigned to process): 231M, peak: 242M
current process commit charge ("private bytes"): 405M, peak: 418M

vm_info: Java HotSpot(TM) 64-Bit Server VM (25.0.1+8-LTS-27) for windows-amd64 JRE (25.0.1+8-LTS-27), built on 2025-09-25T16:41:16Z with unknown MS VC++:1943

END.
